trial_id,stim1,stim2,spkr1,spkr2,lang1,lang2,utt1,utt2,utterance_pair,speaker_identity,stimulus_language,cnceleb_resnet34,cnceleb_resnet34_LM,voxblink2_samresnet34,voxblink2_samresnet34_ft,voxblink2_samresnet100,voxblink2_samresnet100_ft,voxceleb_resnet34,voxceleb_resnet34_LM,voxceleb_resnet152_LM,voxceleb_resnet221_LM,voxceleb_resnet293_LM
T001,VF19B_Can_utt1.wav,VF19B_Can_utt2.wav,VF19B,VF19B,Can,Can,utt_c1,utt_c2,c1_c2,same,can,0.7879278063774109,0.8054146766662598,0.8529396951198578,0.8196503520011902,0.8560068011283875,0.8500232696533203,0.7637176215648651,0.7408543825149536,0.816241979598999,0.7649812698364258,0.7669701278209686
T002,VF19B_Can_utt1.wav,VF19D_Can_utt2.wav,VF19B,VF19D,Can,Can,utt_c1,utt_c2,c1_c2,diff,can,0.5641792267560959,0.550370529294014,0.6141679137945175,0.6004290282726288,0.6093851327896118,0.5786245763301849,0.5750385820865631,0.5951509699225426,0.5843799263238907,0.5738801509141922,0.5871050283312798
T003,VF19B_Can_utt1.wav,VF21A_Can_utt2.wav,VF19B,VF21A,Can,Can,utt_c1,utt_c2,c1_c2,diff,can,0.5546255372464657,0.5529898591339588,0.5656548663973808,0.5119576305150986,0.6244481801986694,0.529751243069768,0.6053536683320999,0.593408964574337,0.5684070661664009,0.5687198638916016,0.5451802983880043
T004,VF19B_Can_utt1.wav,VF21B_Can_utt2.wav,VF19B,VF21B,Can,Can,utt_c1,utt_c2,c1_c2,diff,can,0.6437492370605469,0.6319535821676254,0.7196139693260193,0.6593727320432663,0.6829449236392975,0.6366837918758392,0.6672468185424805,0.6624155640602112,0.6945744901895523,0.6240655109286308,0.6330492794513702
T005,VF19B_Can_utt1.wav,VF21C_Can_utt2.wav,VF19B,VF21C,Can,Can,utt_c1,utt_c2,c1_c2,diff,can,0.6272423267364502,0.6241228207945824,0.6693805754184723,0.6200549602508545,0.7034240961074829,0.6440616399049759,0.6754212081432343,0.6651400476694107,0.6585080474615097,0.634432315826416,0.6591392755508423
T006,VF19B_Can_utt1.wav,VF21D_Can_utt2.wav,VF19B,VF21D,Can,Can,utt_c1,utt_c2,c1_c2,diff,can,0.5381354577839375,0.5243371278047562,0.6421493738889694,0.6071621775627136,0.6148305460810661,0.5648436099290848,0.6152524352073669,0.632347509264946,0.5827222764492035,0.5568687431514263,0.5648574680089951
T007,VF19B_Can_utt1.wav,VF23B_Can_utt2.wav,VF19B,VF23B,Can,Can,utt_c1,utt_c2,c1_c2,diff,can,0.5432105548679829,0.5475781373679638,0.5420457869768143,0.543548621237278,0.6319227516651154,0.6224790289998055,0.5545030049979687,0.5376027971506119,0.526379531249404,0.643525555729866,0.575715072453022
T008,VF19B_Can_utt1.wav,VF23C_Can_utt2.wav,VF19B,VF23C,Can,Can,utt_c1,utt_c2,c1_c2,diff,can,0.5639564990997314,0.5750768557190895,0.5953768119215965,0.5355446524918079,0.6652921885251999,0.6100712269544601,0.5208295863121748,0.5411535203456879,0.5690752118825912,0.5875058248639107,0.59080421179533
T009,VF19B_Can_utt1.wav,VF26A_Can_utt2.wav,VF19B,VF26A,Can,Can,utt_c1,utt_c2,c1_c2,diff,can,0.5693099424242973,0.576055996119976,0.6224435865879059,0.5676618367433548,0.6340435594320297,0.562762476503849,0.6159336343407631,0.6118927076458931,0.5734612196683884,0.5678014233708382,0.5448777414858341
T010,VF19B_Can_utt1.wav,VF32A_Can_utt2.wav,VF19B,VF32A,Can,Can,utt_c1,utt_c2,c1_c2,diff,can,0.5288834646344185,0.5163011495023966,0.5951876118779182,0.5491354875266552,0.5901543647050858,0.5754783451557159,0.5489213243126869,0.5918252766132355,0.5666654780507088,0.5491193532943726,0.5817450881004333
T011,VF19D_Can_utt1.wav,VF19D_Can_utt2.wav,VF19D,VF19D,Can,Can,utt_c1,utt_c2,c1_c2,same,can,0.8341719210147858,0.8267298638820648,0.8476255536079407,0.7979749739170074,0.8588529825210571,0.8197952210903168,0.7119957655668259,0.7169570922851562,0.7454433888196945,0.8047063946723938,0.8027797639369965
T012,VF19D_Can_utt1.wav,VF21A_Can_utt2.wav,VF19D,VF21A,Can,Can,utt_c1,utt_c2,c1_c2,diff,can,0.6695970892906189,0.6741355806589127,0.5515653379261494,0.5240602772682905,0.6007377654314041,0.5294096563011408,0.5146638033911586,0.5253483075648546,0.5405217409133911,0.4759703632444143,0.4843460600823164
T013,VF19D_Can_utt1.wav,VF21B_Can_utt2.wav,VF19D,VF21B,Can,Can,utt_c1,utt_c2,c1_c2,diff,can,0.5959829986095428,0.5887079164385796,0.6796558797359467,0.6210608929395676,0.7140630483627319,0.6619870513677597,0.6568763852119446,0.661464586853981,0.6755096465349197,0.6486145704984665,0.6421123147010803
T014,VF19D_Can_utt1.wav,VF21C_Can_utt2.wav,VF19D,VF21C,Can,Can,utt_c1,utt_c2,c1_c2,diff,can,0.6184813305735588,0.6116640344262123,0.605401299893856,0.5910636857151985,0.6282477229833603,0.6065602004528046,0.6191922649741173,0.6333725154399872,0.6430346667766571,0.6051202565431595,0.6527036726474762
T015,VF19D_Can_utt1.wav,VF21D_Can_utt2.wav,VF19D,VF21D,Can,Can,utt_c1,utt_c2,c1_c2,diff,can,0.5088736768811941,0.489331305027008,0.5743546932935715,0.5626169368624687,0.6041007116436958,0.574818342924118,0.587972491979599,0.5948809534311295,0.561500895768404,0.5514942519366741,0.5612491369247437
T016,VF19D_Can_utt1.wav,VF23B_Can_utt2.wav,VF19D,VF23B,Can,Can,utt_c1,utt_c2,c1_c2,diff,can,0.5931179374456406,0.5832901746034622,0.5225947629660368,0.5576398149132729,0.5629416555166245,0.6114894896745682,0.4977915114723146,0.5155988987535238,0.5095519404858351,0.5452574752271175,0.530486673116684
T017,VF19D_Can_utt1.wav,VF23C_Can_utt2.wav,VF19D,VF23C,Can,Can,utt_c1,utt_c2,c1_c2,diff,can,0.6720674932003021,0.669683426618576,0.6527456790208817,0.6548230201005936,0.7088744193315506,0.7478005141019821,0.6330389231443405,0.6518387198448181,0.691868931055069,0.6567981839179993,0.6567770838737488
T018,VF19D_Can_utt1.wav,VF26A_Can_utt2.wav,VF19D,VF26A,Can,Can,utt_c1,utt_c2,c1_c2,diff,can,0.5444970354437828,0.5345139540731907,0.5765115469694138,0.5311644896864891,0.5919678136706352,0.5365522913634777,0.5700312852859497,0.5706380307674408,0.536126084625721,0.4964322887826711,0.531120216473937
T019,VF19D_Can_utt1.wav,VF32A_Can_utt2.wav,VF19D,VF32A,Can,Can,utt_c1,utt_c2,c1_c2,diff,can,0.7235100269317627,0.7063766419887543,0.7031771093606949,0.6427958607673645,0.6822458207607269,0.6695585548877716,0.6727834194898605,0.6851410567760468,0.5906840488314629,0.625740647315979,0.6532424688339233
T020,VF21A_Can_utt1.wav,VF21A_Can_utt2.wav,VF21A,VF21A,Can,Can,utt_c1,utt_c2,c1_c2,same,can,0.8170960545539856,0.8234113454818726,0.826453685760498,0.8528150320053101,0.8741315603256226,0.8488047122955322,0.769224226474762,0.7810346186161041,0.7831230163574219,0.7555707693099976,0.8026083707809448
T021,VF21A_Can_utt1.wav,VF21B_Can_utt2.wav,VF21A,VF21B,Can,Can,utt_c1,utt_c2,c1_c2,diff,can,0.5896314606070518,0.5912926122546196,0.6436410397291183,0.5788103714585304,0.6420340090990067,0.6165620684623718,0.6190773174166679,0.634359747171402,0.6144487112760544,0.598765142261982,0.6360870152711868
T022,VF21A_Can_utt1.wav,VF21C_Can_utt2.wav,VF21A,VF21C,Can,Can,utt_c1,utt_c2,c1_c2,diff,can,0.61091697961092,0.6162415221333504,0.5715117529034615,0.5748073235154152,0.6361779868602753,0.5986471772193909,0.630803644657135,0.6569581031799316,0.523176733404398,0.5763128027319908,0.5912214815616608
T023,VF21A_Can_utt1.wav,VF21D_Can_utt2.wav,VF21A,VF21D,Can,Can,utt_c1,utt_c2,c1_c2,diff,can,0.5162966083735228,0.5031790272332728,0.5946720689535141,0.5540987029671669,0.654474526643753,0.6166924759745598,0.5553121939301491,0.5612692423164845,0.498669866239652,0.5754688829183578,0.5110225593671203
T024,VF21A_Can_utt1.wav,VF23B_Can_utt2.wav,VF21A,VF23B,Can,Can,utt_c1,utt_c2,c1_c2,diff,can,0.6011884734034538,0.5866361260414124,0.5851226150989532,0.5317638553678989,0.6065753102302551,0.5265503786504269,0.5183919500559568,0.4891769755631685,0.4406477957963943,0.5369468480348587,0.4802944101393223
T025,VF21A_Can_utt1.wav,VF23C_Can_utt2.wav,VF21A,VF23C,Can,Can,utt_c1,utt_c2,c1_c2,diff,can,0.6022111400961876,0.5971161350607872,0.6461809277534485,0.6467836499214172,0.6907890290021896,0.629583939909935,0.5736662745475769,0.5988633558154106,0.510109874419868,0.5296891164034605,0.5191856604069471
T026,VF21A_Can_utt1.wav,VF26A_Can_utt2.wav,VF21A,VF26A,Can,Can,utt_c1,utt_c2,c1_c2,diff,can,0.5903405472636223,0.5847039893269539,0.6629725843667984,0.6269039064645767,0.6438322514295578,0.60320845246315,0.6150933355093002,0.6060576662421227,0.5926925987005234,0.629266232252121,0.5507874377071857
T027,VF21A_Can_utt1.wav,VF32A_Can_utt2.wav,VF21A,VF32A,Can,Can,utt_c1,utt_c2,c1_c2,diff,can,0.5661403387784958,0.5631062686443329,0.5621454976499081,0.5897466912865639,0.60292599350214,0.5930443182587624,0.4785181321203708,0.5079984832555056,0.5103181041777134,0.5607732012867928,0.5038610310293734
T028,VF21B_Can_utt1.wav,VF21B_Can_utt2.wav,VF21B,VF21B,Can,Can,utt_c1,utt_c2,c1_c2,same,can,0.8468894064426422,0.839925229549408,0.8759039640426636,0.8466822803020477,0.8833548724651337,0.8624983131885529,0.8119073808193207,0.7974831759929657,0.794228196144104,0.8289504051208496,0.8516829907894135
T029,VF21B_Can_utt1.wav,VF21C_Can_utt2.wav,VF21B,VF21C,Can,Can,utt_c1,utt_c2,c1_c2,diff,can,0.6418681293725967,0.6292056739330292,0.6969814300537109,0.6972407400608063,0.7474720329046249,0.6830306202173233,0.7288034558296204,0.7418680489063263,0.694149523973465,0.6931744515895844,0.7020101249217987
T030,VF21B_Can_utt1.wav,VF21D_Can_utt2.wav,VF21B,VF21D,Can,Can,utt_c1,utt_c2,c1_c2,diff,can,0.6633740216493607,0.6432181298732758,0.6832013577222824,0.6967836767435074,0.7033514082431793,0.6825708150863647,0.6753586977720261,0.6691233068704605,0.6442944705486298,0.6371413171291351,0.6307178437709808
T031,VF21B_Can_utt1.wav,VF23B_Can_utt2.wav,VF21B,VF23B,Can,Can,utt_c1,utt_c2,c1_c2,diff,can,0.4702026918530464,0.4782579522579908,0.5150191364809871,0.4770100712776184,0.5459935814142227,0.4889126904308796,0.4680121727287769,0.4712800085544586,0.5043913801200688,0.5282519832253456,0.4967693900689482
T032,VF21B_Can_utt1.wav,VF23C_Can_utt2.wav,VF21B,VF23C,Can,Can,utt_c1,utt_c2,c1_c2,diff,can,0.6132220402359962,0.6207462102174759,0.6247193515300751,0.5890167877078056,0.6723612546920776,0.6279339641332626,0.6584168821573257,0.6652999669313431,0.599866010248661,0.6182159185409546,0.58254224807024
T033,VF21B_Can_utt1.wav,VF26A_Can_utt2.wav,VF21B,VF26A,Can,Can,utt_c1,utt_c2,c1_c2,diff,can,0.6143749505281448,0.6285285204648972,0.6897990107536316,0.7020228803157806,0.6350317895412445,0.6330621540546417,0.5886548310518265,0.6129144579172134,0.6166630983352661,0.608538344502449,0.6042643189430237
T034,VF21B_Can_utt1.wav,VF32A_Can_utt2.wav,VF21B,VF32A,Can,Can,utt_c1,utt_c2,c1_c2,diff,can,0.6168160066008568,0.6191947758197784,0.6183763742446899,0.5774513483047485,0.5920221954584122,0.6180724576115608,0.6629124134778976,0.6810172349214554,0.6886623650789261,0.6832794696092606,0.6638030111789703
T035,VF21C_Can_utt1.wav,VF21C_Can_utt2.wav,VF21C,VF21C,Can,Can,utt_c1,utt_c2,c1_c2,same,can,0.8202536106109619,0.8018723130226135,0.7898622155189514,0.7858900725841522,0.8345803618431091,0.8126491010189056,0.7804224491119385,0.7906211018562317,0.7591351270675659,0.7920960783958435,0.7858622670173645
T036,VF21C_Can_utt1.wav,VF21D_Can_utt2.wav,VF21C,VF21D,Can,Can,utt_c1,utt_c2,c1_c2,diff,can,0.5909383073449135,0.5675657019019127,0.6550573706626892,0.7043719440698624,0.6625458747148514,0.6333459615707397,0.6400906443595886,0.6472385823726654,0.5443624258041382,0.5869148969650269,0.579639382660389
T037,VF21C_Can_utt1.wav,VF23B_Can_utt2.wav,VF21C,VF23B,Can,Can,utt_c1,utt_c2,c1_c2,diff,can,0.5888498947024345,0.5874344259500504,0.5709590762853622,0.544399693608284,0.6141691654920578,0.5410578325390816,0.5339197292923927,0.5153152253478765,0.4599555693566799,0.545034896582365,0.5348059050738811
T038,VF21C_Can_utt1.wav,VF23C_Can_utt2.wav,VF21C,VF23C,Can,Can,utt_c1,utt_c2,c1_c2,diff,can,0.5803165584802628,0.5981697216629982,0.6074463129043579,0.5332151018083096,0.6282781958580017,0.5839661359786987,0.5384985730051994,0.5530558116734028,0.462323572486639,0.5895865112543106,0.5264797955751419
T039,VF21C_Can_utt1.wav,VF26A_Can_utt2.wav,VF21C,VF26A,Can,Can,utt_c1,utt_c2,c1_c2,diff,can,0.4985722374403849,0.52010428160429,0.661498486995697,0.67156882584095,0.6579987853765488,0.6556660830974579,0.5854985564947128,0.5868208184838295,0.5485223717987537,0.5311913192272186,0.5546789392828941
T040,VF21C_Can_utt1.wav,VF32A_Can_utt2.wav,VF21C,VF32A,Can,Can,utt_c1,utt_c2,c1_c2,diff,can,0.5653343796730042,0.5586379878222942,0.6365605145692825,0.6183877885341644,0.6336797475814819,0.6522777378559113,0.5475565046072006,0.5776804611086845,0.5511776879429817,0.602629192173481,0.6343330144882202
T041,VF21D_Can_utt1.wav,VF21D_Can_utt2.wav,VF21D,VF21D,Can,Can,utt_c1,utt_c2,c1_c2,same,can,0.6386967152357101,0.62790647149086,0.7979670166969299,0.7818207740783691,0.8247033357620239,0.7431907057762146,0.7403935492038727,0.745175763964653,0.7313239872455597,0.7454822212457657,0.7075752168893814
T042,VF21D_Can_utt1.wav,VF23B_Can_utt2.wav,VF21D,VF23B,Can,Can,utt_c1,utt_c2,c1_c2,diff,can,0.5613301210105419,0.5555599890649319,0.551195565611124,0.5576715767383575,0.5793834328651428,0.5388188548386097,0.5482979379594326,0.5356333628296852,0.5222980286926031,0.5525864660739899,0.5473551042377949
T043,VF21D_Can_utt1.wav,VF23C_Can_utt2.wav,VF21D,VF23C,Can,Can,utt_c1,utt_c2,c1_c2,diff,can,0.554258581250906,0.547341164201498,0.5413761846721172,0.5368057303130627,0.5616484619677067,0.5281993560492992,0.576592430472374,0.5699402019381523,0.5104288682341576,0.5445403084158897,0.4916197890415787
T044,VF21D_Can_utt1.wav,VF26A_Can_utt2.wav,VF21D,VF26A,Can,Can,utt_c1,utt_c2,c1_c2,diff,can,0.6813546866178513,0.6855678409337997,0.7274145483970642,0.6818642616271973,0.67518250644207,0.6630487143993378,0.6178509593009949,0.6320620030164719,0.6264524310827255,0.6297507435083389,0.6762160211801529
T045,VF21D_Can_utt1.wav,VF32A_Can_utt2.wav,VF21D,VF32A,Can,Can,utt_c1,utt_c2,c1_c2,diff,can,0.5919280797243118,0.5844296663999557,0.6431347131729126,0.6150404065847397,0.6703227758407593,0.6559662222862244,0.5810312107205391,0.5971461683511734,0.5508120842278004,0.613396406173706,0.6055423766374588
T046,VF23B_Can_utt1.wav,VF23B_Can_utt2.wav,VF23B,VF23B,Can,Can,utt_c1,utt_c2,c1_c2,same,can,0.8118358850479126,0.8071021437644958,0.8170048892498016,0.8083474636077881,0.87513267993927,0.80760258436203,0.773252010345459,0.7539047300815582,0.7487004548311234,0.7418358325958252,0.7506318688392639
T047,VF23B_Can_utt1.wav,VF23C_Can_utt2.wav,VF23B,VF23C,Can,Can,utt_c1,utt_c2,c1_c2,diff,can,0.580825999379158,0.5640603825449944,0.5608523786067963,0.477739030495286,0.6039031445980072,0.5290965866297483,0.4850462079048157,0.4759282302111387,0.4699738994240761,0.4636689946055412,0.468744296580553
T048,VF23B_Can_utt1.wav,VF26A_Can_utt2.wav,VF23B,VF26A,Can,Can,utt_c1,utt_c2,c1_c2,diff,can,0.5704337134957314,0.5603813789784908,0.5785533264279366,0.5469429045915604,0.5646185800433159,0.5237906444817781,0.532233040779829,0.525648245587945,0.5200381949543953,0.5396180599927902,0.5571680814027786
T049,VF23B_Can_utt1.wav,VF32A_Can_utt2.wav,VF23B,VF32A,Can,Can,utt_c1,utt_c2,c1_c2,diff,can,0.5865623354911804,0.6082477569580078,0.5614477060735226,0.5380419529974461,0.5907216146588326,0.5675941631197929,0.5009446731419303,0.5340268202126026,0.4857980189844966,0.5238442625850439,0.5556124150753021
T050,VF23C_Can_utt1.wav,VF23C_Can_utt2.wav,VF23C,VF23C,Can,Can,utt_c1,utt_c2,c1_c2,same,can,0.8234161138534546,0.8170203566551208,0.8475066125392914,0.8136109113693237,0.876790851354599,0.8216125071048737,0.7362553626298904,0.7151394337415695,0.7205362766981125,0.7674839794635773,0.7909877896308899
T051,VF23C_Can_utt1.wav,VF26A_Can_utt2.wav,VF23C,VF26A,Can,Can,utt_c1,utt_c2,c1_c2,diff,can,0.54234329611063,0.5233512613922358,0.6002502143383026,0.5061746067367494,0.612583726644516,0.5749423429369926,0.4674268327653408,0.4567660056054592,0.4619324654340744,0.4512606300413608,0.4785992056131363
T052,VF23C_Can_utt1.wav,VF32A_Can_utt2.wav,VF23C,VF32A,Can,Can,utt_c1,utt_c2,c1_c2,diff,can,0.6394187957048416,0.6173979043960571,0.6409342139959335,0.5727741941809654,0.6191017031669617,0.6302979588508606,0.5781031921505928,0.5828789845108986,0.5426525771617889,0.5508249253034592,0.5918588042259216
T053,VF26A_Can_utt1.wav,VF26A_Can_utt2.wav,VF26A,VF26A,Can,Can,utt_c1,utt_c2,c1_c2,same,can,0.8013423085212708,0.8016828894615173,0.8877587914466858,0.9060511291027068,0.8869375884532928,0.8695151805877686,0.7891164422035217,0.8047751784324646,0.7181253135204315,0.8106728792190552,0.8201026618480682
T054,VF26A_Can_utt1.wav,VF32A_Can_utt2.wav,VF26A,VF32A,Can,Can,utt_c1,utt_c2,c1_c2,diff,can,0.5364572554826736,0.5232588574290276,0.5699349269270897,0.5365223623812199,0.6330152153968811,0.5869635865092278,0.51204002648592,0.5251501761376858,0.5076048579066992,0.5471569746732712,0.5350998491048813
T055,VF32A_Can_utt1.wav,VF32A_Can_utt2.wav,VF32A,VF32A,Can,Can,utt_c1,utt_c2,c1_c2,same,can,0.8299934566020966,0.8172324299812317,0.888042688369751,0.8593530356884003,0.896476536989212,0.8676458895206451,0.7925491333007812,0.8037921488285065,0.7798667550086975,0.845662385225296,0.7994184792041779
T056,VF19B_Can_utt1.wav,VF19B_Eng_utt2.wav,VF19B,VF19B,Can,Eng,utt_c1,utt_e2,c1_e2,same,mixed,0.7723512351512909,0.7974940836429596,0.8215080201625824,0.8015266358852386,0.7860809862613678,0.8192538022994995,0.6856295615434647,0.6885229647159576,0.8163959085941315,0.7444942146539688,0.7896176278591156
T057,VF19B_Can_utt1.wav,VF19D_Eng_utt2.wav,VF19B,VF19D,Can,Eng,utt_c1,utt_e2,c1_e2,diff,mixed,0.5834647044539452,0.571650505065918,0.5710955113172531,0.555019024759531,0.6146328002214432,0.6320849806070328,0.5408346131443977,0.5484161078929901,0.5555306151509285,0.5299561768770218,0.5306186489760876
T058,VF19B_Can_utt1.wav,VF21A_Eng_utt2.wav,VF19B,VF21A,Can,Eng,utt_c1,utt_e2,c1_e2,diff,mixed,0.6260939091444016,0.6392014622688293,0.6065418869256973,0.5500584952533245,0.6247942969202995,0.530498094856739,0.6310611069202423,0.6432304233312607,0.6014348492026329,0.5510771572589874,0.5968471392989159
T059,VF19B_Can_utt1.wav,VF21B_Eng_utt2.wav,VF19B,VF21B,Can,Eng,utt_c1,utt_e2,c1_e2,diff,mixed,0.6246892139315605,0.6187363192439079,0.6951614618301392,0.6409430503845215,0.6871249973773956,0.6552593857049942,0.6391649842262268,0.6258938312530518,0.6724752336740494,0.5965909287333488,0.583135724067688
T060,VF19B_Can_utt1.wav,VF21C_Eng_utt2.wav,VF19B,VF21C,Can,Eng,utt_c1,utt_e2,c1_e2,diff,mixed,0.604828491806984,0.5984165593981743,0.664911076426506,0.6286064833402634,0.6539891064167023,0.6413728296756744,0.6604621559381485,0.6712925732135773,0.6137235760688782,0.5539243407547474,0.5355260707437992
T061,VF19B_Can_utt1.wav,VF21D_Eng_utt2.wav,VF19B,VF21D,Can,Eng,utt_c1,utt_e2,c1_e2,diff,mixed,0.6726757735013962,0.6496582925319672,0.643556535243988,0.5866952762007713,0.6534967571496964,0.6637624353170395,0.6219629347324371,0.6160081699490547,0.5868636965751648,0.5638392269611359,0.5320032835006714
T062,VF19B_Can_utt1.wav,VF23B_Eng_utt2.wav,VF19B,VF23B,Can,Eng,utt_c1,utt_e2,c1_e2,diff,mixed,0.5895007476210594,0.609711617231369,0.5643795132637024,0.5820444375276566,0.5755285620689392,0.5722102895379066,0.4912109216675162,0.4875798607245087,0.5294229090213776,0.538226205855608,0.547261368483305
T063,VF19B_Can_utt1.wav,VF23C_Eng_utt2.wav,VF19B,VF23C,Can,Eng,utt_c1,utt_e2,c1_e2,diff,mixed,0.625502735376358,0.6303747743368149,0.531602431088686,0.4796142932027578,0.5694350302219391,0.4892353601753711,0.5420985296368599,0.5403623655438423,0.4838800933212042,0.5035600839182734,0.5217605605721474
T064,VF19B_Can_utt1.wav,VF26A_Eng_utt2.wav,VF19B,VF26A,Can,Eng,utt_c1,utt_e2,c1_e2,diff,mixed,0.5648828893899918,0.5885790660977364,0.6434353440999985,0.6241740584373474,0.592113807797432,0.5507405921816826,0.6229166984558105,0.633983850479126,0.6028951555490494,0.6343354135751724,0.5956665128469467
T065,VF19B_Can_utt1.wav,VF32A_Eng_utt2.wav,VF19B,VF32A,Can,Eng,utt_c1,utt_e2,c1_e2,diff,mixed,0.6301018446683884,0.6310299187898636,0.5772670209407806,0.5620601959526539,0.5831339657306671,0.5584613382816315,0.5174970272928476,0.5251067914068699,0.5490591637790203,0.5452728606760502,0.532025508582592
T066,VF19D_Can_utt1.wav,VF19D_Eng_utt2.wav,VF19D,VF19D,Can,Eng,utt_c1,utt_e2,c1_e2,same,mixed,0.8323518335819244,0.8293687105178833,0.7782496213912964,0.7638457417488098,0.7811192870140076,0.7990153133869171,0.7189199030399323,0.7246067821979523,0.7491984665393829,0.7833716869354248,0.8310739398002625
T067,VF19D_Can_utt1.wav,VF21A_Eng_utt2.wav,VF19D,VF21A,Can,Eng,utt_c1,utt_e2,c1_e2,diff,mixed,0.65700863301754,0.6639799177646637,0.5751111805438995,0.5817775055766106,0.6052384302020073,0.5972416773438454,0.5816145911812782,0.5896114408969879,0.6091884970664978,0.5705183744430542,0.59719268232584
T068,VF19D_Can_utt1.wav,VF21B_Eng_utt2.wav,VF19D,VF21B,Can,Eng,utt_c1,utt_e2,c1_e2,diff,mixed,0.6466333717107773,0.6499389857053757,0.6564726382493973,0.6666276603937149,0.6747827976942062,0.6874476969242096,0.6168151646852493,0.6322728246450424,0.6888774782419205,0.6939038932323456,0.6970705837011337
T069,VF19D_Can_utt1.wav,VF21C_Eng_utt2.wav,VF19D,VF21C,Can,Eng,utt_c1,utt_e2,c1_e2,diff,mixed,0.5084073236212134,0.5011145746102557,0.6397279351949692,0.6203829795122147,0.6160252168774605,0.6323184221982956,0.5633296594023705,0.5737663209438324,0.6144176721572876,0.5511246360838413,0.5798868983983994
T070,VF19D_Can_utt1.wav,VF21D_Eng_utt2.wav,VF19D,VF21D,Can,Eng,utt_c1,utt_e2,c1_e2,diff,mixed,0.4606735967099666,0.4460711777210235,0.563165970146656,0.5716183334589005,0.5843877270817757,0.5954286754131317,0.562287200242281,0.5830814465880394,0.5555522032082081,0.519001230597496,0.5198055375367403
T071,VF19D_Can_utt1.wav,VF23B_Eng_utt2.wav,VF19D,VF23B,Can,Eng,utt_c1,utt_e2,c1_e2,diff,mixed,0.6863499879837036,0.6898196786642075,0.610620379447937,0.6066649183630943,0.6012750267982483,0.604849062860012,0.4925297675654292,0.5036700554192066,0.5141682550311089,0.6024163290858269,0.5241387076675892
T072,VF19D_Can_utt1.wav,VF23C_Eng_utt2.wav,VF19D,VF23C,Can,Eng,utt_c1,utt_e2,c1_e2,diff,mixed,0.6277251690626144,0.6324329972267151,0.5887730345129967,0.5892975255846977,0.6208201423287392,0.6366672664880753,0.6373049020767212,0.6463001370429993,0.6178394183516502,0.6445976048707962,0.6445803046226501
T073,VF19D_Can_utt1.wav,VF26A_Eng_utt2.wav,VF19D,VF26A,Can,Eng,utt_c1,utt_e2,c1_e2,diff,mixed,0.5453618206083775,0.5468863174319267,0.5923118218779564,0.5582869872450829,0.5819110795855522,0.5347292423248291,0.5603227838873863,0.5589257627725601,0.4730751533061266,0.4855362540110945,0.5227286778390408
T074,VF19D_Can_utt1.wav,VF32A_Eng_utt2.wav,VF19D,VF32A,Can,Eng,utt_c1,utt_e2,c1_e2,diff,mixed,0.6770159155130386,0.6631479114294052,0.6235266178846359,0.6104630529880524,0.6268111765384674,0.6239343136548996,0.6276865750551224,0.6117256060242653,0.5625639259815216,0.5099256606772542,0.6073776036500931
T075,VF21A_Can_utt1.wav,VF21A_Eng_utt2.wav,VF21A,VF21A,Can,Eng,utt_c1,utt_e2,c1_e2,same,mixed,0.7546622157096863,0.7680955231189728,0.7374095171689987,0.7296837717294693,0.7602261602878571,0.7492515742778778,0.7170355319976807,0.7240478694438934,0.6735918521881104,0.6481571048498154,0.6533089727163315
T076,VF21A_Can_utt1.wav,VF21B_Eng_utt2.wav,VF21A,VF21B,Can,Eng,utt_c1,utt_e2,c1_e2,diff,mixed,0.612312525510788,0.632666677236557,0.594979889690876,0.5461934059858322,0.5843024328351021,0.5761372819542885,0.5736341401934624,0.5916526764631271,0.5831125676631927,0.5272858273237944,0.5623115226626396
T077,VF21A_Can_utt1.wav,VF21C_Eng_utt2.wav,VF21A,VF21C,Can,Eng,utt_c1,utt_e2,c1_e2,diff,mixed,0.5347017198801041,0.5345691032707691,0.6154392138123512,0.6380368322134018,0.6514104157686234,0.667172446846962,0.6048488542437553,0.63070447742939,0.5325255617499352,0.600157268345356,0.5940895453095436
T078,VF21A_Can_utt1.wav,VF21D_Eng_utt2.wav,VF21A,VF21D,Can,Eng,utt_c1,utt_e2,c1_e2,diff,mixed,0.5439028888940811,0.5447841808199883,0.5687470212578773,0.4572986401617527,0.6151455044746399,0.5574549213051796,0.5223585776984692,0.5416591838002205,0.4768296722322702,0.5103418845683336,0.4621676318347454
T079,VF21A_Can_utt1.wav,VF23B_Eng_utt2.wav,VF21A,VF23B,Can,Eng,utt_c1,utt_e2,c1_e2,diff,mixed,0.5721441581845284,0.5691957250237465,0.5263417214155197,0.4782672170549631,0.5382339060306549,0.5154756410047412,0.475177364423871,0.4545315094292164,0.4834029823541641,0.5018350302707404,0.5107702864333987
T080,VF21A_Can_utt1.wav,VF23C_Eng_utt2.wav,VF21A,VF23C,Can,Eng,utt_c1,utt_e2,c1_e2,diff,mixed,0.6961609423160553,0.6872575730085373,0.6297240257263184,0.5552138201892376,0.7093952745199203,0.609899140894413,0.5608008466660976,0.5327070914208889,0.5500248335301876,0.5342109389603138,0.5238954313099384
T081,VF21A_Can_utt1.wav,VF26A_Eng_utt2.wav,VF21A,VF26A,Can,Eng,utt_c1,utt_e2,c1_e2,diff,mixed,0.6036354005336761,0.5904370620846748,0.6608486026525497,0.6414176374673843,0.6333217322826385,0.6105209216475487,0.5433685034513474,0.5510652884840965,0.5247482936829329,0.5461602881550789,0.4884534422308206
T082,VF21A_Can_utt1.wav,VF32A_Eng_utt2.wav,VF21A,VF32A,Can,Eng,utt_c1,utt_e2,c1_e2,diff,mixed,0.5968960076570511,0.5786944851279259,0.5849303305149078,0.6172289922833443,0.6023412421345711,0.5939524471759796,0.5356985628604889,0.5469185374677181,0.4756162203848362,0.5804755464196205,0.5297359190881252
T083,VF21B_Can_utt1.wav,VF21B_Eng_utt2.wav,VF21B,VF21B,Can,Eng,utt_c1,utt_e2,c1_e2,same,mixed,0.7806515693664551,0.769997775554657,0.8120231926441193,0.8081751763820648,0.8388893604278564,0.8499702215194702,0.7980729043483734,0.7781644463539124,0.7592445909976959,0.7527140080928802,0.7784885764122009
T084,VF21B_Can_utt1.wav,VF21C_Eng_utt2.wav,VF21B,VF21C,Can,Eng,utt_c1,utt_e2,c1_e2,diff,mixed,0.6280014663934708,0.6311691105365753,0.7745492458343506,0.7574553787708282,0.7440324574708939,0.7697775661945343,0.7608552575111389,0.7621229588985443,0.689052402973175,0.6921524107456207,0.6905340254306793
T085,VF21B_Can_utt1.wav,VF21D_Eng_utt2.wav,VF21B,VF21D,Can,Eng,utt_c1,utt_e2,c1_e2,diff,mixed,0.6426739394664764,0.6289906352758408,0.6469852030277252,0.5408751554787159,0.6902007460594177,0.6952293813228607,0.6897390335798264,0.6764151006937027,0.6731769740581512,0.6180631965398788,0.5957355052232742
T086,VF21B_Can_utt1.wav,VF23B_Eng_utt2.wav,VF21B,VF23B,Can,Eng,utt_c1,utt_e2,c1_e2,diff,mixed,0.5399628430604935,0.5638929083943367,0.5596478208899498,0.5570627115666866,0.5667902082204819,0.5546564646065235,0.4752432759851217,0.481395486742258,0.5076270014978945,0.5523190312087536,0.5254582446068525
T087,VF21B_Can_utt1.wav,VF23C_Eng_utt2.wav,VF21B,VF23C,Can,Eng,utt_c1,utt_e2,c1_e2,diff,mixed,0.5234635137021542,0.5293290615081787,0.5433031804859638,0.4549736939370632,0.5512553155422211,0.5115684401243925,0.5181504841893911,0.5176730938255787,0.505258038174361,0.5040901000611484,0.5032982565462589
T088,VF21B_Can_utt1.wav,VF26A_Eng_utt2.wav,VF21B,VF26A,Can,Eng,utt_c1,utt_e2,c1_e2,diff,mixed,0.6066738367080688,0.6249861046671867,0.6913663446903229,0.7045583873987198,0.5920164808630943,0.6255109459161758,0.6133478283882141,0.6353124678134918,0.5725198313593864,0.6090570613741875,0.5697945728898048
T089,VF21B_Can_utt1.wav,VF32A_Eng_utt2.wav,VF21B,VF32A,Can,Eng,utt_c1,utt_e2,c1_e2,diff,mixed,0.6443441808223724,0.6382263600826263,0.61697156727314,0.5766548961400986,0.5493558049201965,0.5386936590075493,0.6142417415976524,0.6205844283103943,0.594907321035862,0.6217352673411369,0.6105885431170464
T090,VF21C_Can_utt1.wav,VF21C_Eng_utt2.wav,VF21C,VF21C,Can,Eng,utt_c1,utt_e2,c1_e2,same,mixed,0.7580343186855316,0.7409771978855133,0.7654743194580078,0.7180025577545166,0.7796596586704254,0.7784700691699982,0.7314326912164688,0.7180811613798141,0.695376068353653,0.7204940915107727,0.6587315052747726
T091,VF21C_Can_utt1.wav,VF21D_Eng_utt2.wav,VF21C,VF21D,Can,Eng,utt_c1,utt_e2,c1_e2,diff,mixed,0.5305802747607231,0.5246504135429859,0.5838201493024826,0.4999966645370932,0.6001983657479286,0.5892388448119164,0.6179456934332848,0.6162987127900124,0.4532786980271339,0.4779765270650387,0.4967492830473929
T092,VF21C_Can_utt1.wav,VF23B_Eng_utt2.wav,VF21C,VF23B,Can,Eng,utt_c1,utt_e2,c1_e2,diff,mixed,0.5591003708541393,0.5848319232463837,0.5522760301828384,0.5480422899127007,0.5611082278192043,0.5617413446307182,0.5292591135948896,0.5264660827815533,0.5091088842600584,0.5547744482755661,0.5929892659187317
T093,VF21C_Can_utt1.wav,VF23C_Eng_utt2.wav,VF21C,VF23C,Can,Eng,utt_c1,utt_e2,c1_e2,diff,mixed,0.5958510786294937,0.6143615916371346,0.4940901477821171,0.4480897225439548,0.516513405367732,0.4835694041103124,0.5499639920890331,0.5282598454505205,0.478329649195075,0.5123660415410995,0.5280513521283865
T094,VF21C_Can_utt1.wav,VF26A_Eng_utt2.wav,VF21C,VF26A,Can,Eng,utt_c1,utt_e2,c1_e2,diff,mixed,0.5035246633924544,0.5254545249044895,0.6123845502734184,0.6293767392635345,0.585363857448101,0.5900624468922615,0.5453728213906288,0.5541827641427517,0.5376708582043648,0.5129677029326558,0.5319298952817917
T095,VF21C_Can_utt1.wav,VF32A_Eng_utt2.wav,VF21C,VF32A,Can,Eng,utt_c1,utt_e2,c1_e2,diff,mixed,0.6034109219908714,0.5972403734922409,0.5799062699079514,0.6085029616951942,0.5413615331053734,0.5420074947178364,0.560658872127533,0.5823471918702126,0.5193364527076483,0.5543394796550274,0.5988622605800629
T096,VF21D_Can_utt1.wav,VF21D_Eng_utt2.wav,VF21D,VF21D,Can,Eng,utt_c1,utt_e2,c1_e2,same,mixed,0.7477284669876099,0.7443395406007767,0.8212502300739288,0.7484733611345291,0.8313856422901154,0.8033276498317719,0.7765997648239136,0.7569615840911865,0.802540510892868,0.7827793657779694,0.7645901143550873
T097,VF21D_Can_utt1.wav,VF23B_Eng_utt2.wav,VF21D,VF23B,Can,Eng,utt_c1,utt_e2,c1_e2,diff,mixed,0.5713782906532288,0.5887383967638016,0.6257807463407516,0.6287716031074524,0.5944959968328476,0.5933883711695671,0.5661871656775475,0.5656534358859062,0.5104830088093877,0.5828589871525764,0.5640197619795799
T098,VF21D_Can_utt1.wav,VF23C_Eng_utt2.wav,VF21D,VF23C,Can,Eng,utt_c1,utt_e2,c1_e2,diff,mixed,0.5494266971945763,0.5407415293157101,0.5087578808888793,0.4148785024881363,0.5008123258012347,0.4402262754738331,0.4826325122267008,0.4720095414668321,0.4530118964612484,0.5050952038727701,0.46287951618433
T099,VF21D_Can_utt1.wav,VF26A_Eng_utt2.wav,VF21D,VF26A,Can,Eng,utt_c1,utt_e2,c1_e2,diff,mixed,0.6361833214759827,0.6486572623252869,0.7281923145055771,0.687403678894043,0.6709552556276321,0.6593716442584991,0.6842676997184753,0.692931666970253,0.6153705343604088,0.6689913272857666,0.6596585512161255
T100,VF21D_Can_utt1.wav,VF32A_Eng_utt2.wav,VF21D,VF32A,Can,Eng,utt_c1,utt_e2,c1_e2,diff,mixed,0.6796931475400925,0.6668379008769989,0.6782371401786804,0.6974493116140366,0.6469676792621613,0.6359409689903259,0.6430442631244659,0.6402583122253418,0.6182998940348625,0.6483476161956787,0.5878502428531647
T101,VF23B_Can_utt1.wav,VF23B_Eng_utt2.wav,VF23B,VF23B,Can,Eng,utt_c1,utt_e2,c1_e2,same,mixed,0.7346048057079315,0.7456003129482269,0.7515513598918915,0.7359906286001205,0.7504777908325195,0.7275932431221008,0.7210308909416199,0.7215611487627029,0.7014978677034378,0.7244966179132462,0.7890527546405792
T102,VF23B_Can_utt1.wav,VF23C_Eng_utt2.wav,VF23B,VF23C,Can,Eng,utt_c1,utt_e2,c1_e2,diff,mixed,0.6454730033874512,0.6221981421113014,0.5609833598136902,0.4828253258019686,0.5695424377918243,0.46943667717278,0.5243682079017162,0.5151095725595951,0.496716602705419,0.4472178891301155,0.496242061490193
T103,VF23B_Can_utt1.wav,VF26A_Eng_utt2.wav,VF23B,VF26A,Can,Eng,utt_c1,utt_e2,c1_e2,diff,mixed,0.5701724663376808,0.5808952376246452,0.5265817083418369,0.5128130046650767,0.528969069942832,0.5018030512146652,0.5081699546426535,0.515257271938026,0.5150207113474607,0.5489177405834198,0.518142681568861
T104,VF23B_Can_utt1.wav,VF32A_Eng_utt2.wav,VF23B,VF32A,Can,Eng,utt_c1,utt_e2,c1_e2,diff,mixed,0.600854404270649,0.6173920631408691,0.534705612808466,0.5077780410647392,0.5346711724996567,0.563720628619194,0.5195932611823082,0.5345420017838478,0.5380799993872643,0.5088457521051168,0.5771579146385193
T105,VF23C_Can_utt1.wav,VF23C_Eng_utt2.wav,VF23C,VF23C,Can,Eng,utt_c1,utt_e2,c1_e2,same,mixed,0.754910945892334,0.756818950176239,0.7609228491783142,0.6818076074123383,0.7816930115222931,0.7141563445329666,0.6761598885059357,0.6534441113471985,0.6593711674213409,0.7072398215532303,0.7297156006097794
T106,VF23C_Can_utt1.wav,VF26A_Eng_utt2.wav,VF23C,VF26A,Can,Eng,utt_c1,utt_e2,c1_e2,diff,mixed,0.5495899394154549,0.538333110511303,0.6102718114852905,0.5366815850138664,0.6192025244235992,0.6097450628876686,0.5133208408951759,0.517879668623209,0.4387142769992351,0.4391918927431106,0.466508749872446
T107,VF23C_Can_utt1.wav,VF32A_Eng_utt2.wav,VF23C,VF32A,Can,Eng,utt_c1,utt_e2,c1_e2,diff,mixed,0.6783284991979599,0.6545515954494476,0.5987657457590103,0.5302603263407946,0.5618512034416199,0.5673897787928581,0.534369945526123,0.5156467352062464,0.561864398419857,0.4953145361505449,0.563787192106247
T108,VF26A_Can_utt1.wav,VF26A_Eng_utt2.wav,VF26A,VF26A,Can,Eng,utt_c1,utt_e2,c1_e2,same,mixed,0.7097790539264679,0.7001094967126846,0.8410922586917877,0.8657943606376648,0.851146012544632,0.8669561743736267,0.7638316452503204,0.7563766241073608,0.7642848491668701,0.7940533757209778,0.7913376688957214
T109,VF26A_Can_utt1.wav,VF32A_Eng_utt2.wav,VF26A,VF32A,Can,Eng,utt_c1,utt_e2,c1_e2,diff,mixed,0.6644662320613861,0.6659155488014221,0.5914410501718521,0.6005480736494064,0.6172181442379951,0.5426962748169899,0.5493580140173435,0.5452339872717857,0.5486705005168915,0.6078149229288101,0.5662469044327736
T110,VF32A_Can_utt1.wav,VF32A_Eng_utt2.wav,VF32A,VF32A,Can,Eng,utt_c1,utt_e2,c1_e2,same,mixed,0.8017148077487946,0.7919895350933075,0.8068252801895142,0.8230558633804321,0.7987718880176544,0.8146149814128876,0.7374772429466248,0.7495390027761459,0.7505988478660583,0.755452036857605,0.7301630824804306
T111,VF19B_Eng_utt1.wav,VF19B_Can_utt2.wav,VF19B,VF19B,Eng,Can,utt_e1,utt_c2,e1_c2,same,mixed,0.7584683895111084,0.7738400101661682,0.8283655941486359,0.8071821928024292,0.813387006521225,0.8498129546642303,0.7867009937763214,0.7853937447071075,0.8328853249549866,0.775099515914917,0.7632426619529724
T112,VF19B_Eng_utt1.wav,VF19D_Can_utt2.wav,VF19B,VF19D,Eng,Can,utt_e1,utt_c2,e1_c2,diff,mixed,0.5922566652297974,0.5797246769070625,0.6324302405118942,0.5547645278275013,0.6174120083451271,0.5749801620841026,0.5467294864356518,0.5689834803342819,0.5748144090175629,0.6090958043932915,0.5814838409423828
T113,VF19B_Eng_utt1.wav,VF21A_Can_utt2.wav,VF19B,VF21A,Eng,Can,utt_e1,utt_c2,e1_c2,diff,mixed,0.5283145383000374,0.5438505448400974,0.5755630433559418,0.490802907384932,0.5938378274440765,0.5321480929851532,0.5315436646342278,0.5432438962161541,0.5532112531363964,0.5753981471061707,0.5540522485971451
T114,VF19B_Eng_utt1.wav,VF21B_Can_utt2.wav,VF19B,VF21B,Eng,Can,utt_e1,utt_c2,e1_c2,diff,mixed,0.6611669957637787,0.6576875299215317,0.6458082348108292,0.6348184496164322,0.5993745997548103,0.6347477734088898,0.6173247545957565,0.620644174516201,0.6763284504413605,0.6457869857549667,0.6227868273854256
T115,VF19B_Eng_utt1.wav,VF21C_Can_utt2.wav,VF19B,VF21C,Eng,Can,utt_e1,utt_c2,e1_c2,diff,mixed,0.583216018974781,0.5844782963395119,0.5771051421761513,0.5446972846984863,0.5768321827054024,0.5884495675563812,0.5722970813512802,0.5698129683732986,0.6621046364307404,0.6143515259027481,0.6151389107108116
T116,VF19B_Eng_utt1.wav,VF21D_Can_utt2.wav,VF19B,VF21D,Eng,Can,utt_e1,utt_c2,e1_c2,diff,mixed,0.5667807832360268,0.5703672096133232,0.6210284531116486,0.5900925323367119,0.5480460934340954,0.5310322418808937,0.5953578799962997,0.6070780828595161,0.5967866778373718,0.5631740018725395,0.5237076301127672
T117,VF19B_Eng_utt1.wav,VF23B_Can_utt2.wav,VF19B,VF23B,Eng,Can,utt_e1,utt_c2,e1_c2,diff,mixed,0.5618040226399899,0.5700038596987724,0.5329020768404007,0.5917691588401794,0.5571569241583347,0.5866304039955139,0.6055114790797234,0.6080047339200974,0.5862206742167473,0.6858466267585754,0.5692633837461472
T118,VF19B_Eng_utt1.wav,VF23C_Can_utt2.wav,VF19B,VF23C,Eng,Can,utt_e1,utt_c2,e1_c2,diff,mixed,0.6039342880249023,0.6105338633060455,0.6206155642867088,0.5473348200321198,0.5942800864577293,0.5604740045964718,0.6098265945911407,0.6054075956344604,0.6281167715787888,0.6290445029735565,0.6120714843273163
T119,VF19B_Eng_utt1.wav,VF26A_Can_utt2.wav,VF19B,VF26A,Eng,Can,utt_e1,utt_c2,e1_c2,diff,mixed,0.5445042997598648,0.5541648231446743,0.5645738244056702,0.500468516984256,0.543878547847271,0.5288009010255337,0.5446274541318417,0.5498163253068924,0.5419030264019966,0.4954444719478488,0.5080039221793413
T120,VF19B_Eng_utt1.wav,VF32A_Can_utt2.wav,VF19B,VF32A,Eng,Can,utt_e1,utt_c2,e1_c2,diff,mixed,0.6048554107546806,0.5987329557538033,0.6949119865894318,0.5873634442687035,0.6315252929925919,0.6408858448266983,0.6620312482118607,0.6983258724212646,0.6104359999299049,0.6403342634439468,0.6029402762651443
T121,VF19D_Eng_utt1.wav,VF19D_Can_utt2.wav,VF19D,VF19D,Eng,Can,utt_e1,utt_c2,e1_c2,same,mixed,0.7774882614612579,0.7626166343688965,0.7672262191772461,0.7312382459640503,0.7542490065097809,0.7366837114095688,0.7142484933137894,0.7146652191877365,0.7361341416835785,0.7987490296363831,0.7749316692352295
T122,VF19D_Eng_utt1.wav,VF21A_Can_utt2.wav,VF19D,VF21A,Eng,Can,utt_e1,utt_c2,e1_c2,diff,mixed,0.6486002802848816,0.6546087265014648,0.5984885916113853,0.550302691757679,0.6199605092406273,0.5692458748817444,0.562298346310854,0.5626834034919739,0.5274470038712025,0.5338255390524864,0.4946789215318858
T123,VF19D_Eng_utt1.wav,VF21B_Can_utt2.wav,VF19D,VF21B,Eng,Can,utt_e1,utt_c2,e1_c2,diff,mixed,0.6064324229955673,0.6086916998028755,0.5785896703600883,0.5403222143650055,0.6219141036272049,0.6194707229733467,0.6047466471791267,0.6158944368362427,0.5911893248558044,0.5742536187171936,0.5832016319036484
T124,VF19D_Eng_utt1.wav,VF21C_Can_utt2.wav,VF19D,VF21C,Eng,Can,utt_e1,utt_c2,e1_c2,diff,mixed,0.6182672008872032,0.623878963291645,0.5694381967186928,0.5813127905130386,0.6028504967689514,0.5770031213760376,0.5807960405945778,0.5781556367874146,0.6533384621143341,0.6028402224183083,0.6405685395002365
T125,VF19D_Eng_utt1.wav,VF21D_Can_utt2.wav,VF19D,VF21D,Eng,Can,utt_e1,utt_c2,e1_c2,diff,mixed,0.5081270998343825,0.497015728848055,0.5486686117947102,0.5246381871402264,0.5881291627883911,0.560419961810112,0.6074174419045448,0.616086557507515,0.6175053119659424,0.6549157798290253,0.6058563888072968
T126,VF19D_Eng_utt1.wav,VF23B_Can_utt2.wav,VF19D,VF23B,Eng,Can,utt_e1,utt_c2,e1_c2,diff,mixed,0.5471267737448215,0.540876492857933,0.5185154546052217,0.5419550240039825,0.510178204625845,0.5235076136887074,0.5016974392347038,0.5315700024366379,0.5163723919540644,0.5764473527669907,0.5209696684032679
T127,VF19D_Eng_utt1.wav,VF23C_Can_utt2.wav,VF19D,VF23C,Eng,Can,utt_e1,utt_c2,e1_c2,diff,mixed,0.5951595082879066,0.595729723572731,0.6188594177365303,0.6067578718066216,0.6667910218238831,0.6640169024467468,0.6009767651557922,0.618832103908062,0.5994688868522644,0.6087455675005913,0.6568530201911926
T128,VF19D_Eng_utt1.wav,VF26A_Can_utt2.wav,VF19D,VF26A,Eng,Can,utt_e1,utt_c2,e1_c2,diff,mixed,0.5766834020614624,0.5778763070702553,0.5692974627017975,0.5604956969618797,0.5929960310459137,0.5626367926597595,0.5897499322891235,0.593354620039463,0.584498442709446,0.5744752734899521,0.6100789979100227
T129,VF19D_Eng_utt1.wav,VF32A_Can_utt2.wav,VF19D,VF32A,Eng,Can,utt_e1,utt_c2,e1_c2,diff,mixed,0.7013470530509949,0.6889230906963348,0.6626562625169754,0.602678932249546,0.6141047328710556,0.6126026511192322,0.6233468279242516,0.6283667534589767,0.562006950378418,0.5896100401878357,0.62065439671278
T130,VF21A_Eng_utt1.wav,VF21A_Can_utt2.wav,VF21A,VF21A,Eng,Can,utt_e1,utt_c2,e1_c2,same,mixed,0.6837893575429916,0.706246480345726,0.7673280537128448,0.7711469531059265,0.7639039158821106,0.7740577757358551,0.7528232634067535,0.7792232632637024,0.7568077147006989,0.7426391243934631,0.7607651650905609
T131,VF21A_Eng_utt1.wav,VF21B_Can_utt2.wav,VF21A,VF21B,Eng,Can,utt_e1,utt_c2,e1_c2,diff,mixed,0.6864819079637527,0.7067307084798813,0.7185052931308746,0.7658213675022125,0.6725561171770096,0.6808298379182816,0.7298281043767929,0.7430141866207123,0.699215292930603,0.6986207962036133,0.6834412962198257
T132,VF21A_Eng_utt1.wav,VF21C_Can_utt2.wav,VF21A,VF21C,Eng,Can,utt_e1,utt_c2,e1_c2,diff,mixed,0.6171895489096642,0.639515683054924,0.6340069770812988,0.6438323557376862,0.6056141406297684,0.5782541558146477,0.640864223241806,0.6479572504758835,0.6482638716697693,0.6105270087718964,0.5807611644268036
T133,VF21A_Eng_utt1.wav,VF21D_Can_utt2.wav,VF21A,VF21D,Eng,Can,utt_e1,utt_c2,e1_c2,diff,mixed,0.4945418005809188,0.5004525520198513,0.606640599668026,0.6006175577640533,0.5926782339811325,0.5313046053051949,0.5645675957202911,0.5622719191014767,0.5184038951992989,0.4934001876972615,0.4995023841620423
T134,VF21A_Eng_utt1.wav,VF23B_Can_utt2.wav,VF21A,VF23B,Eng,Can,utt_e1,utt_c2,e1_c2,diff,mixed,0.5774632394313812,0.561896126717329,0.5548542775213718,0.4955672356300056,0.5324843153357506,0.4703308474272489,0.4753673896193504,0.4894314864650368,0.4863197477534413,0.4770159721374511,0.485223900526762
T135,VF21A_Eng_utt1.wav,VF23C_Can_utt2.wav,VF21A,VF23C,Eng,Can,utt_e1,utt_c2,e1_c2,diff,mixed,0.7188451290130615,0.7129082083702087,0.712944507598877,0.700286477804184,0.6808324754238129,0.5889744982123375,0.6819500625133514,0.6677170246839523,0.6253118366003036,0.6078271195292473,0.5777507051825523
T136,VF21A_Eng_utt1.wav,VF26A_Can_utt2.wav,VF21A,VF26A,Eng,Can,utt_e1,utt_c2,e1_c2,diff,mixed,0.6229818761348724,0.6291935294866562,0.6559584438800812,0.6671197712421417,0.6191692799329758,0.5933509469032288,0.6358678787946701,0.6372130513191223,0.6191720366477966,0.5764507949352264,0.6577782481908798
T137,VF21A_Eng_utt1.wav,VF32A_Can_utt2.wav,VF21A,VF32A,Eng,Can,utt_e1,utt_c2,e1_c2,diff,mixed,0.630002498626709,0.6121416538953781,0.6335224062204361,0.6084797382354736,0.5708887428045273,0.5749410316348076,0.5904751792550087,0.5936808213591576,0.6298581510782242,0.5246990341693163,0.6114234924316406
T138,VF21B_Eng_utt1.wav,VF21B_Can_utt2.wav,VF21B,VF21B,Eng,Can,utt_e1,utt_c2,e1_c2,same,mixed,0.8367727696895599,0.8364333808422089,0.8645726442337036,0.8411877453327179,0.8540958166122437,0.8415679335594177,0.8063716888427734,0.7941263616085052,0.7618505656719208,0.8108197748661041,0.8098711669445038
T139,VF21B_Eng_utt1.wav,VF21C_Can_utt2.wav,VF21B,VF21C,Eng,Can,utt_e1,utt_c2,e1_c2,diff,mixed,0.6213817596435547,0.6107240244746208,0.6721091270446777,0.645629346370697,0.5883022546768188,0.5536561422049999,0.6983894407749176,0.6916014850139618,0.6543836742639542,0.6444890946149826,0.654115840792656
T140,VF21B_Eng_utt1.wav,VF21D_Can_utt2.wav,VF21B,VF21D,Eng,Can,utt_e1,utt_c2,e1_c2,diff,mixed,0.6024695560336113,0.5785521417856216,0.6360162198543549,0.6251935064792633,0.6175505369901657,0.5838951170444489,0.6232064142823219,0.6173467263579369,0.6031101867556572,0.6037506237626076,0.5915116518735886
T141,VF21B_Eng_utt1.wav,VF23B_Can_utt2.wav,VF21B,VF23B,Eng,Can,utt_e1,utt_c2,e1_c2,diff,mixed,0.5204953290522099,0.5217802710831165,0.4852647772058844,0.4518809728324413,0.4846629751846194,0.4665873683989048,0.438491441309452,0.4483034648001194,0.496603591600433,0.4962081068661064,0.464169904589653
T142,VF21B_Eng_utt1.wav,VF23C_Can_utt2.wav,VF21B,VF23C,Eng,Can,utt_e1,utt_c2,e1_c2,diff,mixed,0.6313092261552811,0.6229948252439499,0.6374983340501785,0.6034339144825935,0.627391904592514,0.606774315237999,0.660828024148941,0.6522392481565475,0.6134879365563393,0.6235236451029778,0.5959596410393715
T143,VF21B_Eng_utt1.wav,VF26A_Can_utt2.wav,VF21B,VF26A,Eng,Can,utt_e1,utt_c2,e1_c2,diff,mixed,0.6023429930210114,0.6190788671374321,0.6245066821575165,0.6167089492082596,0.5730274170637131,0.5336972996592522,0.5385077148675919,0.5640776008367538,0.5470423884689808,0.5460127778351307,0.5577417761087418
T144,VF21B_Eng_utt1.wav,VF32A_Can_utt2.wav,VF21B,VF32A,Eng,Can,utt_e1,utt_c2,e1_c2,diff,mixed,0.6042849868535995,0.5964790508151054,0.5897228419780731,0.5260864086449146,0.5689143612980843,0.5830512568354607,0.5949753671884537,0.5864754319190979,0.5962187871336937,0.5957658439874649,0.610543429851532
T145,VF21C_Eng_utt1.wav,VF21C_Can_utt2.wav,VF21C,VF21C,Eng,Can,utt_e1,utt_c2,e1_c2,same,mixed,0.7529555559158325,0.7317919880151749,0.8385626673698425,0.849562019109726,0.8309357762336731,0.8175156712532043,0.7827600240707397,0.7823351919651031,0.7772068083286285,0.8140653967857361,0.8011685907840729
T146,VF21C_Eng_utt1.wav,VF21D_Can_utt2.wav,VF21C,VF21D,Eng,Can,utt_e1,utt_c2,e1_c2,diff,mixed,0.5557196736335754,0.5494721047580242,0.6272747069597244,0.6143723428249359,0.5818151831626892,0.5479590818285942,0.6155138611793518,0.6027251780033112,0.5460646823048592,0.5463994443416595,0.5284005161374807
T147,VF21C_Eng_utt1.wav,VF23B_Can_utt2.wav,VF21C,VF23B,Eng,Can,utt_e1,utt_c2,e1_c2,diff,mixed,0.5275056641548872,0.5096146585419774,0.4932970092631876,0.4735020287334919,0.4806945826858282,0.454945471137762,0.4670898020267486,0.4435880407691002,0.511860647238791,0.495409763418138,0.4567646197974682
T148,VF21C_Eng_utt1.wav,VF23C_Can_utt2.wav,VF21C,VF23C,Eng,Can,utt_e1,utt_c2,e1_c2,diff,mixed,0.6173473000526428,0.627131462097168,0.6719068884849548,0.637115865945816,0.7080308049917221,0.6577264219522476,0.6606006771326065,0.6575114279985428,0.5957737118005753,0.6652581542730331,0.5933757275342941
T149,VF21C_Eng_utt1.wav,VF26A_Can_utt2.wav,VF21C,VF26A,Eng,Can,utt_e1,utt_c2,e1_c2,diff,mixed,0.6103342324495316,0.6236784756183624,0.64427150785923,0.601229839026928,0.6249263137578964,0.6230049654841423,0.6224137172102928,0.6312884539365768,0.5289649181067944,0.5322090312838554,0.5168025121092796
T150,VF21C_Eng_utt1.wav,VF32A_Can_utt2.wav,VF21C,VF32A,Eng,Can,utt_e1,utt_c2,e1_c2,diff,mixed,0.5875102505087852,0.580951951444149,0.6069998815655708,0.5585439279675484,0.6003444120287895,0.5730135217308998,0.6118825897574425,0.6202924698591232,0.5971131473779678,0.5410582609474659,0.5822607129812241
T151,VF21D_Eng_utt1.wav,VF21D_Can_utt2.wav,VF21D,VF21D,Eng,Can,utt_e1,utt_c2,e1_c2,same,mixed,0.684852808713913,0.6675311475992203,0.7473858594894409,0.7435088604688644,0.7663527727127075,0.754275918006897,0.7619770169258118,0.7706295549869537,0.7297561019659042,0.7365708947181702,0.7295608222484589
T152,VF21D_Eng_utt1.wav,VF23B_Can_utt2.wav,VF21D,VF23B,Eng,Can,utt_e1,utt_c2,e1_c2,diff,mixed,0.5452843979001045,0.5453708954155445,0.5701182782649994,0.5369007177650928,0.5691396370530128,0.5186703447252512,0.5362902507185936,0.5360323749482632,0.5127651849761605,0.5404310412704945,0.4804378133267164
T153,VF21D_Eng_utt1.wav,VF23C_Can_utt2.wav,VF21D,VF23C,Eng,Can,utt_e1,utt_c2,e1_c2,diff,mixed,0.5138571532443166,0.4907168624922633,0.6000446379184723,0.575997568666935,0.6126110106706619,0.6128753274679184,0.5920791327953339,0.5689223185181618,0.5124111482873559,0.5944750234484673,0.5538982152938843
T154,VF21D_Eng_utt1.wav,VF26A_Can_utt2.wav,VF21D,VF26A,Eng,Can,utt_e1,utt_c2,e1_c2,diff,mixed,0.6231640875339508,0.636057659983635,0.6968294233083725,0.6382952034473419,0.6482618600130081,0.6016630008816719,0.562589667737484,0.5709533169865608,0.5814417153596878,0.5337934382259846,0.5814577788114548
T155,VF21D_Eng_utt1.wav,VF32A_Can_utt2.wav,VF21D,VF32A,Eng,Can,utt_e1,utt_c2,e1_c2,diff,mixed,0.6155584454536438,0.6152264028787613,0.6813643276691437,0.696261003613472,0.7099882811307907,0.6831439584493637,0.6322876065969467,0.6155955865979195,0.5909744426608086,0.6441548615694046,0.6081741154193878
T156,VF23B_Eng_utt1.wav,VF23B_Can_utt2.wav,VF23B,VF23B,Eng,Can,utt_e1,utt_c2,e1_c2,same,mixed,0.69087915122509,0.7039199322462082,0.7049906253814697,0.7379712760448456,0.7506020963191986,0.6867284625768661,0.692430168390274,0.7008867263793945,0.6997532993555069,0.6907196491956711,0.7271726429462433
T157,VF23B_Eng_utt1.wav,VF23C_Can_utt2.wav,VF23B,VF23C,Eng,Can,utt_e1,utt_c2,e1_c2,diff,mixed,0.6523819267749786,0.6430126279592514,0.601423092186451,0.5410595498979092,0.6489648967981339,0.5864285975694656,0.6154040545225143,0.5919708162546158,0.5739706754684448,0.5855866596102715,0.6052943617105484
T158,VF23B_Eng_utt1.wav,VF26A_Can_utt2.wav,VF23B,VF26A,Eng,Can,utt_e1,utt_c2,e1_c2,diff,mixed,0.5043152081780136,0.5078299418091774,0.5485481396317482,0.5301919095218182,0.5656003728508949,0.5236286632716656,0.5099356938153505,0.508282657712698,0.5221566315740347,0.4867308791726827,0.5223916340619326
T159,VF23B_Eng_utt1.wav,VF32A_Can_utt2.wav,VF23B,VF32A,Eng,Can,utt_e1,utt_c2,e1_c2,diff,mixed,0.6327973306179047,0.6271050274372101,0.5947616845369339,0.5620978884398937,0.5858312398195267,0.5928979814052582,0.5592132657766342,0.5725298300385475,0.5889557376503944,0.6004757285118103,0.5664241462945938
T160,VF23C_Eng_utt1.wav,VF23C_Can_utt2.wav,VF23C,VF23C,Eng,Can,utt_e1,utt_c2,e1_c2,same,mixed,0.6983754485845566,0.6919989138841629,0.759047120809555,0.7629415988922119,0.7696644365787506,0.7592510879039764,0.6789726316928864,0.682805135846138,0.6424271911382675,0.6478801816701889,0.731473296880722
T161,VF23C_Eng_utt1.wav,VF26A_Can_utt2.wav,VF23C,VF26A,Eng,Can,utt_e1,utt_c2,e1_c2,diff,mixed,0.498609988251701,0.4849481480196118,0.5456110015511513,0.5212728250771761,0.5867590308189392,0.5408476963639259,0.487218021415174,0.4918745495378971,0.4703118074685335,0.4339434504508972,0.5166039746254683
T162,VF23C_Eng_utt1.wav,VF32A_Can_utt2.wav,VF23C,VF32A,Eng,Can,utt_e1,utt_c2,e1_c2,diff,mixed,0.6268117874860764,0.6264749467372894,0.6100248321890831,0.5861419290304184,0.6117575094103813,0.5944055318832397,0.6034623235464096,0.6096971854567528,0.5341233052313328,0.5616699829697609,0.5648974999785423
T163,VF26A_Eng_utt1.wav,VF26A_Can_utt2.wav,VF26A,VF26A,Eng,Can,utt_e1,utt_c2,e1_c2,same,mixed,0.727671355009079,0.7301812916994095,0.7726425230503082,0.8004804849624634,0.7756157219409943,0.8202639818191528,0.6988484859466553,0.7143805474042892,0.6853611767292023,0.7261318266391754,0.7429140359163284
T164,VF26A_Eng_utt1.wav,VF32A_Can_utt2.wav,VF26A,VF32A,Eng,Can,utt_e1,utt_c2,e1_c2,diff,mixed,0.6336197853088379,0.6285270601511002,0.6518050134181976,0.6347480267286301,0.6569208353757858,0.6640497297048569,0.5867706835269928,0.6039010137319565,0.535651683807373,0.5527999438345432,0.5756871923804283
T165,VF32A_Eng_utt1.wav,VF32A_Can_utt2.wav,VF32A,VF32A,Eng,Can,utt_e1,utt_c2,e1_c2,same,mixed,0.7962568998336792,0.7824066877365112,0.847894549369812,0.8430471122264862,0.8286287486553192,0.8152627944946289,0.7857416570186615,0.7857116460800171,0.7725317478179932,0.7850819528102875,0.8113850355148315
T166,VF19B_Eng_utt1.wav,VF19B_Eng_utt2.wav,VF19B,VF19B,Eng,Eng,utt_e1,utt_e2,e1_e2,same,eng,0.799657940864563,0.8035523295402527,0.839849978685379,0.8194915354251862,0.890581488609314,0.9037480056285858,0.8187155723571777,0.8264490365982056,0.8035567104816437,0.7934725284576416,0.8231846690177917
T167,VF19B_Eng_utt1.wav,VF19D_Eng_utt2.wav,VF19B,VF19D,Eng,Eng,utt_e1,utt_e2,e1_e2,diff,eng,0.6427750587463379,0.6385755240917206,0.6446878015995026,0.5437050499022007,0.66497902572155,0.643838182091713,0.5903234034776688,0.6124574467539787,0.5902739465236664,0.5532994493842125,0.56609146296978
T168,VF19B_Eng_utt1.wav,VF21A_Eng_utt2.wav,VF19B,VF21A,Eng,Eng,utt_e1,utt_e2,e1_e2,diff,eng,0.628582775592804,0.635702058672905,0.6710970401763916,0.583013080060482,0.6540399342775345,0.5976825654506683,0.6392456293106079,0.644476518034935,0.6267969757318497,0.5727100074291229,0.6379953026771545
T169,VF19B_Eng_utt1.wav,VF21B_Eng_utt2.wav,VF19B,VF21B,Eng,Eng,utt_e1,utt_e2,e1_e2,diff,eng,0.6404838562011719,0.6345846652984619,0.7021752148866653,0.6567846238613129,0.6833139359951019,0.7036187052726746,0.6217234805226326,0.6275509595870972,0.652783527970314,0.6165243685245514,0.6484499722719193
T170,VF19B_Eng_utt1.wav,VF21C_Eng_utt2.wav,VF19B,VF21C,Eng,Eng,utt_e1,utt_e2,e1_e2,diff,eng,0.5508944168686867,0.5492508970201015,0.6338655352592468,0.5854534581303596,0.6176083087921143,0.6492296308279037,0.6298890113830566,0.6428211480379105,0.6133414506912231,0.6010548174381256,0.5740024000406265
T171,VF19B_Eng_utt1.wav,VF21D_Eng_utt2.wav,VF19B,VF21D,Eng,Eng,utt_e1,utt_e2,e1_e2,diff,eng,0.580409899353981,0.5853795036673546,0.6715191304683685,0.6613425612449646,0.6426415294408798,0.6905908584594727,0.6154614612460136,0.6258955150842667,0.5663863942027092,0.5855184569954872,0.5347987189888954
T172,VF19B_Eng_utt1.wav,VF23B_Eng_utt2.wav,VF19B,VF23B,Eng,Eng,utt_e1,utt_e2,e1_e2,diff,eng,0.6911845207214355,0.7038655281066895,0.6775641739368439,0.6640390902757645,0.6799630373716354,0.6828985512256622,0.6180669739842415,0.6067851334810257,0.637026846408844,0.6291072368621826,0.6227639466524124
T173,VF19B_Eng_utt1.wav,VF23C_Eng_utt2.wav,VF19B,VF23C,Eng,Eng,utt_e1,utt_e2,e1_e2,diff,eng,0.582727923989296,0.5797939971089363,0.576976016163826,0.4545443430542946,0.5829795077443123,0.50650904327631,0.5627552270889282,0.5558285601437092,0.5193491037935019,0.5525136180222034,0.54347700253129
T174,VF19B_Eng_utt1.wav,VF26A_Eng_utt2.wav,VF19B,VF26A,Eng,Eng,utt_e1,utt_e2,e1_e2,diff,eng,0.599845752120018,0.6216512471437454,0.6373088359832764,0.5401473119854927,0.5568295456469059,0.5271761175245047,0.5958748310804367,0.6029403656721115,0.5416993610560894,0.5472765229642391,0.5346331745386124
T175,VF19B_Eng_utt1.wav,VF32A_Eng_utt2.wav,VF19B,VF32A,Eng,Eng,utt_e1,utt_e2,e1_e2,diff,eng,0.6630201041698456,0.6637623906135559,0.7188432365655899,0.6330213993787766,0.6784767657518387,0.68356092274189,0.6062159016728401,0.6192604824900627,0.6347426325082779,0.5841250270605087,0.6080194860696793
T176,VF19D_Eng_utt1.wav,VF19D_Eng_utt2.wav,VF19D,VF19D,Eng,Eng,utt_e1,utt_e2,e1_e2,same,eng,0.8777293264865875,0.877550333738327,0.8927741050720215,0.8484961092472076,0.889137327671051,0.8570410013198853,0.8760576248168945,0.8858857750892639,0.8480579853057861,0.8586003184318542,0.8574396669864655
T177,VF19D_Eng_utt1.wav,VF21A_Eng_utt2.wav,VF19D,VF21A,Eng,Eng,utt_e1,utt_e2,e1_e2,diff,eng,0.6301063448190689,0.6306111216545105,0.6339612454175949,0.5837494507431984,0.6870424002408981,0.6214180067181587,0.6090954840183258,0.6099920719861984,0.5687623471021652,0.5863544568419456,0.6334865838289261
T178,VF19D_Eng_utt1.wav,VF21B_Eng_utt2.wav,VF19D,VF21B,Eng,Eng,utt_e1,utt_e2,e1_e2,diff,eng,0.6597388684749603,0.6687348634004593,0.6745647490024567,0.6410550177097321,0.6876092404127121,0.6376647800207138,0.6669689863920212,0.6747646629810333,0.6551271677017212,0.6606743782758713,0.6461925357580185
T179,VF19D_Eng_utt1.wav,VF21C_Eng_utt2.wav,VF19D,VF21C,Eng,Eng,utt_e1,utt_e2,e1_e2,diff,eng,0.5409503243863583,0.5499420054256916,0.6450318098068237,0.6111355349421501,0.6573112457990646,0.6212694048881531,0.5711033344268799,0.569637805223465,0.6350694894790649,0.5867651924490929,0.6014158800244331
T180,VF19D_Eng_utt1.wav,VF21D_Eng_utt2.wav,VF19D,VF21D,Eng,Eng,utt_e1,utt_e2,e1_e2,diff,eng,0.4973396086134016,0.4813738111406564,0.5550681725144386,0.5282432530075312,0.5616511963307858,0.5186153277754784,0.531219620257616,0.5469788834452629,0.5408393628895283,0.5443407036364079,0.575373649597168
T181,VF19D_Eng_utt1.wav,VF23B_Eng_utt2.wav,VF19D,VF23B,Eng,Eng,utt_e1,utt_e2,e1_e2,diff,eng,0.6665060669183731,0.6800314486026764,0.6632343381643295,0.6392322480678558,0.6354579627513885,0.6067643463611603,0.5445648357272148,0.5583976432681084,0.5337789319455624,0.6194717064499855,0.5831672996282578
T182,VF19D_Eng_utt1.wav,VF23C_Eng_utt2.wav,VF19D,VF23C,Eng,Eng,utt_e1,utt_e2,e1_e2,diff,eng,0.5727747157216072,0.5712082460522652,0.6112292557954788,0.5558500103652477,0.6627711951732635,0.6577909141778946,0.6110137850046158,0.6109065413475037,0.5976974070072174,0.6205446347594261,0.6623726636171341
T183,VF19D_Eng_utt1.wav,VF26A_Eng_utt2.wav,VF19D,VF26A,Eng,Eng,utt_e1,utt_e2,e1_e2,diff,eng,0.5708907395601273,0.5810826271772385,0.6232604458928108,0.6008496657013893,0.5868327468633652,0.5633397921919823,0.5969995781779289,0.5954805538058281,0.5310178268700838,0.5555245690047741,0.543610256165266
T184,VF19D_Eng_utt1.wav,VF32A_Eng_utt2.wav,VF19D,VF32A,Eng,Eng,utt_e1,utt_e2,e1_e2,diff,eng,0.6571642458438873,0.6427274197340012,0.6714557260274887,0.625664085149765,0.6900912225246429,0.6372820734977722,0.6422179639339447,0.6350003778934479,0.5825592428445816,0.5374403744935989,0.6192664504051208
T185,VF21A_Eng_utt1.wav,VF21A_Eng_utt2.wav,VF21A,VF21A,Eng,Eng,utt_e1,utt_e2,e1_e2,same,eng,0.8236302733421326,0.8233949542045593,0.8684071898460388,0.8300201594829559,0.8620383441448212,0.8205314874649048,0.8141767680644989,0.8129638731479645,0.763705849647522,0.7492837011814117,0.8069256544113159
T186,VF21A_Eng_utt1.wav,VF21B_Eng_utt2.wav,VF21A,VF21B,Eng,Eng,utt_e1,utt_e2,e1_e2,diff,eng,0.6397063285112381,0.6774314343929291,0.7161763906478882,0.7338151037693024,0.6928940266370773,0.6261921972036362,0.6589549034833908,0.662995770573616,0.701179251074791,0.6470034420490265,0.68708935379982
T187,VF21A_Eng_utt1.wav,VF21C_Eng_utt2.wav,VF21A,VF21C,Eng,Eng,utt_e1,utt_e2,e1_e2,diff,eng,0.5386684499680996,0.5538237914443016,0.7166962921619415,0.723425105214119,0.6987980157136917,0.6738465428352356,0.6150368675589561,0.6335576474666595,0.6382855623960495,0.658075824379921,0.6043435260653496
T188,VF21A_Eng_utt1.wav,VF21D_Eng_utt2.wav,VF21A,VF21D,Eng,Eng,utt_e1,utt_e2,e1_e2,diff,eng,0.5160779561847448,0.5142196426168084,0.6264878660440445,0.5210829675197601,0.593655064702034,0.501889624982141,0.5249346233904362,0.5222376435995102,0.5296735968440771,0.4995525504637044,0.5876451879739761
T189,VF21A_Eng_utt1.wav,VF23B_Eng_utt2.wav,VF21A,VF23B,Eng,Eng,utt_e1,utt_e2,e1_e2,diff,eng,0.6187470331788063,0.6178872287273407,0.6604998260736465,0.5897721648216248,0.6104902625083923,0.5876864418387413,0.5429660715162754,0.5333850346505642,0.5881138443946838,0.5604919195175171,0.5721553638577461
T190,VF21A_Eng_utt1.wav,VF23C_Eng_utt2.wav,VF21A,VF23C,Eng,Eng,utt_e1,utt_e2,e1_e2,diff,eng,0.6505184918642044,0.6538040935993195,0.6556496024131775,0.5377026796340942,0.6747316271066666,0.6149561256170273,0.5664587318897247,0.5509241037070751,0.5049819652922451,0.5614158324897289,0.5241106804460287
T191,VF21A_Eng_utt1.wav,VF26A_Eng_utt2.wav,VF21A,VF26A,Eng,Eng,utt_e1,utt_e2,e1_e2,diff,eng,0.6003744155168533,0.595975786447525,0.6532938480377197,0.6597576886415482,0.582656741142273,0.5384706258773804,0.6151920258998871,0.6112185046076775,0.5294721499085426,0.5023430886212736,0.5962434411048889
T192,VF21A_Eng_utt1.wav,VF32A_Eng_utt2.wav,VF21A,VF32A,Eng,Eng,utt_e1,utt_e2,e1_e2,diff,eng,0.6807911098003387,0.6710716336965561,0.735128328204155,0.6855858862400055,0.6618985086679459,0.6204535290598869,0.6251237541437149,0.6066235899925232,0.6443397849798203,0.579504981637001,0.6342241764068604
T193,VF21B_Eng_utt1.wav,VF21B_Eng_utt2.wav,VF21B,VF21B,Eng,Eng,utt_e1,utt_e2,e1_e2,same,eng,0.8504720628261566,0.8423945903778076,0.9230031073093414,0.8715315163135529,0.9002432525157928,0.8471135497093201,0.8551428914070129,0.8466702401638031,0.866203099489212,0.8506745994091034,0.8678520619869232
T194,VF21B_Eng_utt1.wav,VF21C_Eng_utt2.wav,VF21B,VF21C,Eng,Eng,utt_e1,utt_e2,e1_e2,diff,eng,0.6512792706489563,0.6421483755111694,0.7502279877662659,0.6933139115571976,0.6542605608701706,0.6813680976629257,0.692212238907814,0.6860789954662323,0.6556963622570038,0.6414575427770615,0.6339807361364365
T195,VF21B_Eng_utt1.wav,VF21D_Eng_utt2.wav,VF21B,VF21D,Eng,Eng,utt_e1,utt_e2,e1_e2,diff,eng,0.5970295891165733,0.5629263445734978,0.6465935558080673,0.5536605939269066,0.6546349227428436,0.6165565699338913,0.6283984184265137,0.6087277978658676,0.5584093779325485,0.5672592371702194,0.5540848672389984
T196,VF21B_Eng_utt1.wav,VF23B_Eng_utt2.wav,VF21B,VF23B,Eng,Eng,utt_e1,utt_e2,e1_e2,diff,eng,0.5765363425016403,0.5994761884212494,0.6079943180084229,0.5688208118081093,0.6153185442090034,0.6089642718434334,0.4928397992625832,0.4981008726172149,0.5351011790335178,0.5592671036720276,0.5348060019314289
T197,VF21B_Eng_utt1.wav,VF23C_Eng_utt2.wav,VF21B,VF23C,Eng,Eng,utt_e1,utt_e2,e1_e2,diff,eng,0.5701918974518776,0.5693441182374954,0.5432755053043365,0.4429811015725136,0.5386766009032726,0.5022271403577179,0.5469284169375896,0.539848517626524,0.4974270928651094,0.5244359895586967,0.5313007235527039
T198,VF21B_Eng_utt1.wav,VF26A_Eng_utt2.wav,VF21B,VF26A,Eng,Eng,utt_e1,utt_e2,e1_e2,diff,eng,0.5805052444338799,0.5898436680436134,0.6256493180990219,0.6152284219861031,0.5445492155849934,0.54004767537117,0.5263082087039948,0.5367938056588173,0.4736884366720915,0.5047885896638036,0.4737354964017868
T199,VF21B_Eng_utt1.wav,VF32A_Eng_utt2.wav,VF21B,VF32A,Eng,Eng,utt_e1,utt_e2,e1_e2,diff,eng,0.6289344877004623,0.6322815865278244,0.6415031105279922,0.5740973800420761,0.6192756369709969,0.5883309617638588,0.605778157711029,0.6091255247592926,0.5632601082324982,0.5544765368103981,0.5730386972427368
T200,VF21C_Eng_utt1.wav,VF21C_Eng_utt2.wav,VF21C,VF21C,Eng,Eng,utt_e1,utt_e2,e1_e2,same,eng,0.6815713196992874,0.6715075522661209,0.8989948928356171,0.875265896320343,0.8961791396141052,0.8537187874317169,0.8417665362358093,0.8314467072486877,0.8095596432685852,0.7987049221992493,0.8193311393260956
T201,VF21C_Eng_utt1.wav,VF21D_Eng_utt2.wav,VF21C,VF21D,Eng,Eng,utt_e1,utt_e2,e1_e2,diff,eng,0.5671142116189003,0.5451244451105595,0.6233525425195694,0.5245447345077991,0.6016122698783875,0.5767117589712143,0.608257845044136,0.5931488126516342,0.5202454030513763,0.520207991823554,0.4994643110549077
T202,VF21C_Eng_utt1.wav,VF23B_Eng_utt2.wav,VF21C,VF23B,Eng,Eng,utt_e1,utt_e2,e1_e2,diff,eng,0.5875994339585304,0.6017785146832466,0.6234753951430321,0.5823412537574768,0.5980324149131775,0.5367187596857548,0.5367185659706593,0.5503130927681923,0.5443578884005547,0.5564089603722095,0.5223127119243145
T203,VF21C_Eng_utt1.wav,VF23C_Eng_utt2.wav,VF21C,VF23C,Eng,Eng,utt_e1,utt_e2,e1_e2,diff,eng,0.5197668801993132,0.5183627530932426,0.5678324997425079,0.4638805091381073,0.584790013730526,0.5124364970251918,0.5516536720097065,0.5358848460018635,0.4842096641659736,0.5241929702460766,0.5358761809766293
T204,VF21C_Eng_utt1.wav,VF26A_Eng_utt2.wav,VF21C,VF26A,Eng,Eng,utt_e1,utt_e2,e1_e2,diff,eng,0.6081865951418877,0.6185714304447174,0.6464494317770004,0.6044663563370705,0.5971592962741852,0.578967422246933,0.5604434385895729,0.5548112541437149,0.4965859747026115,0.4972999861929565,0.4895713971927762
T205,VF21C_Eng_utt1.wav,VF32A_Eng_utt2.wav,VF21C,VF32A,Eng,Eng,utt_e1,utt_e2,e1_e2,diff,eng,0.5648665428161621,0.5721132904291153,0.5948875099420547,0.5445054732263088,0.5746400281786919,0.522649671882391,0.5434608682990074,0.5381504036486149,0.5385469645261765,0.4713266603648662,0.5261754710227251
T206,VF21D_Eng_utt1.wav,VF21D_Eng_utt2.wav,VF21D,VF21D,Eng,Eng,utt_e1,utt_e2,e1_e2,same,eng,0.7896678745746613,0.7758892774581909,0.8395157158374786,0.7809336185455322,0.8259896337985992,0.7874618470668793,0.8234132528305054,0.8208784461021423,0.7703754305839539,0.8334184288978577,0.7876064777374268
T207,VF21D_Eng_utt1.wav,VF23B_Eng_utt2.wav,VF21D,VF23B,Eng,Eng,utt_e1,utt_e2,e1_e2,diff,eng,0.5346098206937313,0.5359631963074207,0.6232727020978928,0.5712973922491074,0.5950798466801643,0.5247544329613447,0.5543730892241001,0.545017909258604,0.4704773817211389,0.5494571961462498,0.5449163094162941
T208,VF21D_Eng_utt1.wav,VF23C_Eng_utt2.wav,VF21D,VF23C,Eng,Eng,utt_e1,utt_e2,e1_e2,diff,eng,0.5538158863782883,0.53523039072752,0.5728320777416229,0.4579562656581402,0.5402235090732574,0.495582025963813,0.5595705211162567,0.5640271753072739,0.5010728943161666,0.5359280817210674,0.5043478794395924
T209,VF21D_Eng_utt1.wav,VF26A_Eng_utt2.wav,VF21D,VF26A,Eng,Eng,utt_e1,utt_e2,e1_e2,diff,eng,0.6335461586713791,0.6359620839357376,0.7058987766504288,0.6637729555368423,0.6657446920871735,0.6566493809223175,0.6630461513996124,0.6922904700040817,0.6318438202142715,0.5928485840559006,0.6076359525322914
T210,VF21D_Eng_utt1.wav,VF32A_Eng_utt2.wav,VF21D,VF32A,Eng,Eng,utt_e1,utt_e2,e1_e2,diff,eng,0.5861833989620209,0.5714441910386086,0.7297396957874298,0.7214044332504272,0.7041280716657639,0.6488223373889923,0.6898965537548065,0.6960262507200241,0.6271626204252243,0.6272175759077072,0.6241839751601219
T211,VF23B_Eng_utt1.wav,VF23B_Eng_utt2.wav,VF23B,VF23B,Eng,Eng,utt_e1,utt_e2,e1_e2,same,eng,0.8200116455554962,0.8204347789287567,0.8657381534576416,0.8543598651885986,0.8513928353786469,0.8135765194892883,0.7482007443904877,0.743800088763237,0.7279741317033768,0.777104914188385,0.7794432044029236
T212,VF23B_Eng_utt1.wav,VF23C_Eng_utt2.wav,VF23B,VF23C,Eng,Eng,utt_e1,utt_e2,e1_e2,diff,eng,0.6637872159481049,0.6534892171621323,0.6156387403607368,0.5210484322160482,0.6476479917764664,0.5560509413480759,0.6607785671949387,0.6490943878889084,0.5754443407058716,0.5640799850225449,0.6097064912319183
T213,VF23B_Eng_utt1.wav,VF26A_Eng_utt2.wav,VF23B,VF26A,Eng,Eng,utt_e1,utt_e2,e1_e2,diff,eng,0.5901828929781914,0.5937590971589088,0.5881872624158859,0.5595755353569984,0.5530706532299519,0.4930171184241771,0.5425571650266647,0.5564965084195137,0.5343908965587616,0.528041385114193,0.4729263447225094
T214,VF23B_Eng_utt1.wav,VF32A_Eng_utt2.wav,VF23B,VF32A,Eng,Eng,utt_e1,utt_e2,e1_e2,diff,eng,0.618703119456768,0.6203150227665901,0.6218336001038551,0.5554869659245014,0.5989060625433922,0.6229988187551498,0.5567305870354176,0.5579901672899723,0.559199795126915,0.5275062490254641,0.5656478628516197
T215,VF23C_Eng_utt1.wav,VF23C_Eng_utt2.wav,VF23C,VF23C,Eng,Eng,utt_e1,utt_e2,e1_e2,same,eng,0.7753208577632904,0.7612032294273376,0.8153057396411896,0.7686021625995636,0.8569813668727875,0.8479750156402588,0.7522330582141876,0.7326579838991165,0.7583928108215332,0.7745299935340881,0.7899558544158936
T216,VF23C_Eng_utt1.wav,VF26A_Eng_utt2.wav,VF23C,VF26A,Eng,Eng,utt_e1,utt_e2,e1_e2,diff,eng,0.569530189037323,0.5561437904834747,0.5927268862724304,0.5666485205292702,0.6138247177004814,0.5847511366009712,0.5400119535624981,0.5391207598149776,0.476257486268878,0.449191153049469,0.4442321844398975
T217,VF23C_Eng_utt1.wav,VF32A_Eng_utt2.wav,VF23C,VF32A,Eng,Eng,utt_e1,utt_e2,e1_e2,diff,eng,0.6282441318035126,0.6287444233894348,0.60689277946949,0.5633899345993996,0.6091360822319984,0.562397800385952,0.5545243993401527,0.5354786291718483,0.5566625744104385,0.5413213521242142,0.5634693801403046
T218,VF26A_Eng_utt1.wav,VF26A_Eng_utt2.wav,VF26A,VF26A,Eng,Eng,utt_e1,utt_e2,e1_e2,same,eng,0.836701899766922,0.838255763053894,0.8842618465423584,0.8957392871379852,0.8711148798465729,0.8686508238315582,0.8511011600494385,0.8638392686843872,0.8252257108688354,0.8324821889400482,0.8139777779579163
T219,VF26A_Eng_utt1.wav,VF32A_Eng_utt2.wav,VF26A,VF32A,Eng,Eng,utt_e1,utt_e2,e1_e2,diff,eng,0.6820593774318695,0.669742077589035,0.7088055610656738,0.7056904733181,0.677558645606041,0.6966975927352905,0.6858504563570023,0.6799812763929367,0.616322360932827,0.6286668479442596,0.648818701505661
T220,VF32A_Eng_utt1.wav,VF32A_Eng_utt2.wav,VF32A,VF32A,Eng,Eng,utt_e1,utt_e2,e1_e2,same,eng,0.812443196773529,0.8116809725761414,0.902297019958496,0.8892634212970734,0.8974312543869019,0.8905611336231232,0.8241121470928192,0.8285283148288727,0.8055676221847534,0.8099042773246765,0.8384605348110199
