trial_id,stim1,stim2,spkr1,spkr2,lang1,lang2,utt1,utt2,utterance_pair,speaker_identity,stimulus_language,cnceleb_resnet34,cnceleb_resnet34_LM,voxceleb_ECAPA1024,voxceleb_ECAPA1024_LM,voxceleb_ECAPA512,voxceleb_ECAPA512_LM,voxceleb_ecapa512_dino,voxceleb_CAM++,voxceleb_CAM++_LM,voxceleb_resnet34,voxceleb_resnet34_LM,voxblink2_samresnet34,voxblink2_samresnet34_ft,voxblink2_samresnet100,voxblink2_samresnet100_ft,voxceleb_resnet152_LM,voxceleb_resnet221_LM,voxceleb_resnet293_LM
T001,VF19B_Can_utt1.wav,VF19B_Can_utt2.wav,VF19B,VF19B,Can,Can,utt_c1,utt_c2,c1_c2,same,can,0.849584311246872,0.8467305302619934,0.8444784581661224,0.8234027624130249,0.8480379283428192,0.8352067768573761,0.8207007348537445,0.8350740075111389,0.8650728464126587,0.7793239057064056,0.7683643698692322,0.8401201367378235,0.8473416268825531,0.891289234161377,0.8858912885189056,0.8069856464862823,0.7999390363693237,0.7710743546485901
T002,VF19B_Can_utt1.wav,VF19D_Can_utt2.wav,VF19B,VF19D,Can,Can,utt_c1,utt_c2,c1_c2,diff,can,0.5696303471922874,0.5475506857037544,0.5984526500105858,0.591581828892231,0.5853963568806648,0.5719137266278267,0.6429508179426193,0.541059348732233,0.5598577372729778,0.614714726805687,0.6061275824904442,0.7122829705476761,0.7185326218605042,0.6587981581687927,0.6573169976472855,0.6652133613824844,0.6373878121376038,0.632169783115387
T003,VF19B_Can_utt1.wav,VF21A_Can_utt2.wav,VF19B,VF21A,Can,Can,utt_c1,utt_c2,c1_c2,diff,can,0.5794982612133026,0.5786210373044014,0.6219545975327492,0.620223380625248,0.5811519622802734,0.5752177610993385,0.5840448439121246,0.5336608290672302,0.5561212711036205,0.635390967130661,0.622146800160408,0.6425112932920456,0.6136510074138641,0.6125301569700241,0.5275091677904129,0.5890869647264481,0.581458255648613,0.5850823819637299
T004,VF19B_Can_utt1.wav,VF21B_Can_utt2.wav,VF19B,VF21B,Can,Can,utt_c1,utt_c2,c1_c2,diff,can,0.7241529822349548,0.6960826963186264,0.659359335899353,0.6484430879354477,0.6402361690998077,0.6341173648834229,0.6658117771148682,0.667229026556015,0.709241509437561,0.6747580617666245,0.6570420414209366,0.7389161288738251,0.7124246656894684,0.6777460128068924,0.6561398357152939,0.6805767118930817,0.6265638172626495,0.640257403254509
T005,VF19B_Can_utt1.wav,VF21C_Can_utt2.wav,VF19B,VF21C,Can,Can,utt_c1,utt_c2,c1_c2,diff,can,0.6859797388315201,0.6850633919239044,0.6454039216041565,0.6321170926094055,0.6498409360647202,0.6252216696739197,0.7208183705806732,0.6532767713069916,0.6629193127155304,0.6749012470245361,0.675878718495369,0.7252640128135681,0.7017571330070496,0.6819973737001419,0.697624683380127,0.6327566802501678,0.6013316810131073,0.6611364781856537
T006,VF19B_Can_utt1.wav,VF21D_Can_utt2.wav,VF19B,VF21D,Can,Can,utt_c1,utt_c2,c1_c2,diff,can,0.6099215149879456,0.5944976434111595,0.6008289456367493,0.5885166674852371,0.5613637380301952,0.5612175352871418,0.6846927553415298,0.6170933619141579,0.6449925005435944,0.6286810040473938,0.6264243125915527,0.641846776008606,0.6483039259910583,0.6167249009013176,0.6348522156476974,0.6393146514892578,0.6113281771540642,0.5900945067405701
T007,VF19B_Can_utt1.wav,VF23B_Can_utt2.wav,VF19B,VF23B,Can,Can,utt_c1,utt_c2,c1_c2,diff,can,0.5991953387856483,0.6016286239027977,0.5877772644162178,0.5886999145150185,0.5986054018139839,0.6025134027004242,0.6043490841984749,0.5865530595183372,0.5631325393915176,0.5670970305800438,0.5599631257355213,0.6258073300123215,0.6407919526100159,0.6562579721212387,0.6983309090137482,0.5947059914469719,0.6628334224224091,0.5899204313755035
T008,VF19B_Can_utt1.wav,VF23C_Can_utt2.wav,VF19B,VF23C,Can,Can,utt_c1,utt_c2,c1_c2,diff,can,0.6323979198932648,0.6331767737865448,0.49893369688652456,0.5128729669377208,0.5020986283197999,0.5088851526379585,0.557975672185421,0.48887238651514053,0.5355187244713306,0.57020303606987,0.5621886476874352,0.6422354578971863,0.6259936839342117,0.6773793399333954,0.6655807495117188,0.5962401255965233,0.5971532985568047,0.5575832538306713
T009,VF19B_Can_utt1.wav,VF26A_Can_utt2.wav,VF19B,VF26A,Can,Can,utt_c1,utt_c2,c1_c2,diff,can,0.6185711547732353,0.6147767081856728,0.6024634093046188,0.5871752351522446,0.5634656399488449,0.5605261586606503,0.6107069700956345,0.5616079047322273,0.5852968916296959,0.6326279044151306,0.6210040673613548,0.6355237066745758,0.6160202994942665,0.5992612615227699,0.5748023614287376,0.590207926928997,0.5954166054725647,0.5943612456321716
T010,VF19B_Can_utt1.wav,VF32A_Can_utt2.wav,VF19B,VF32A,Can,Can,utt_c1,utt_c2,c1_c2,diff,can,0.5805434882640839,0.5833114683628082,0.5900612100958824,0.5623496919870377,0.6131602898240089,0.6040554493665695,0.6116363108158112,0.5795100927352905,0.5987018123269081,0.6057320758700371,0.6150456443428993,0.6445068418979645,0.6432604938745499,0.6134646758437157,0.637595608830452,0.642766609787941,0.638920858502388,0.5833826437592506
T011,VF19D_Can_utt1.wav,VF19D_Can_utt2.wav,VF19D,VF19D,Can,Can,utt_c1,utt_c2,c1_c2,same,can,0.8132200837135315,0.8102625012397766,0.8139850497245789,0.7854636907577515,0.831976443529129,0.8206190168857574,0.8396250307559967,0.8323124051094055,0.837297797203064,0.7632830440998077,0.7533954083919525,0.8736343383789062,0.8591137528419495,0.8831665515899658,0.8639743328094482,0.7990280091762543,0.8216697871685028,0.7894590795040131
T012,VF19D_Can_utt1.wav,VF21A_Can_utt2.wav,VF19D,VF21A,Can,Can,utt_c1,utt_c2,c1_c2,diff,can,0.6774052530527115,0.6797356009483337,0.6156156808137894,0.6092408075928688,0.5860507041215897,0.5751000270247459,0.6171007230877876,0.5899800658226013,0.5930754020810127,0.58811154961586,0.5884102582931519,0.5997946634888649,0.5900243893265724,0.6123462319374084,0.5522192046046257,0.5458094477653503,0.4906461387872696,0.5195392090827227
T013,VF19D_Can_utt1.wav,VF21B_Can_utt2.wav,VF19D,VF21B,Can,Can,utt_c1,utt_c2,c1_c2,diff,can,0.6276993751525879,0.6294140666723251,0.6618722826242447,0.625924602150917,0.7335163056850433,0.7237826287746429,0.6690623760223389,0.6752288192510605,0.674272820353508,0.6895310133695602,0.6873165369033813,0.7032490968704224,0.7148950695991516,0.7219030410051346,0.7421368807554245,0.6978529840707779,0.6797020882368088,0.635227158665657
T014,VF19D_Can_utt1.wav,VF21C_Can_utt2.wav,VF19D,VF21C,Can,Can,utt_c1,utt_c2,c1_c2,diff,can,0.6537838578224182,0.6548463702201843,0.6768405139446259,0.6418434232473373,0.6561233848333359,0.6386973857879639,0.6430135518312454,0.6842404305934906,0.6789635866880417,0.6618181616067886,0.6646793931722641,0.6820982247591019,0.7270563542842865,0.6602664589881897,0.6984802633523941,0.6636381596326828,0.6494290381669998,0.6630662381649017
T015,VF19D_Can_utt1.wav,VF21D_Can_utt2.wav,VF19D,VF21D,Can,Can,utt_c1,utt_c2,c1_c2,diff,can,0.5799357444047928,0.554663710296154,0.5740672871470451,0.546468261629343,0.6169033572077751,0.6005666553974152,0.6525994390249252,0.5855176225304604,0.5775867775082588,0.6109606400132179,0.5971887484192848,0.6258532702922821,0.6690619140863419,0.605858102440834,0.6282194256782532,0.6302393972873688,0.591788224875927,0.5508689135313034
T016,VF19D_Can_utt1.wav,VF23B_Can_utt2.wav,VF19D,VF23B,Can,Can,utt_c1,utt_c2,c1_c2,diff,can,0.5885598286986351,0.5721365660429001,0.5668835788965225,0.554633304476738,0.5681685954332352,0.5785707831382751,0.6184653639793396,0.5866307243704796,0.6623303443193436,0.531388059258461,0.53534796833992,0.6155531704425812,0.6692850887775421,0.6288876831531525,0.6881881803274155,0.5401851087808609,0.5606982260942459,0.5449105352163315
T017,VF19D_Can_utt1.wav,VF23C_Can_utt2.wav,VF19D,VF23C,Can,Can,utt_c1,utt_c2,c1_c2,diff,can,0.7113008350133896,0.7158661782741547,0.6312254816293716,0.6214755326509476,0.618324875831604,0.6053326576948166,0.6395359039306641,0.6197697445750237,0.6350516974925995,0.651303306221962,0.6547321826219559,0.6837257742881775,0.7077447921037674,0.7285114526748657,0.7493247538805008,0.6925313323736191,0.6667852401733398,0.6813420206308365
T018,VF19D_Can_utt1.wav,VF26A_Can_utt2.wav,VF19D,VF26A,Can,Can,utt_c1,utt_c2,c1_c2,diff,can,0.6344988346099854,0.6301764249801636,0.5862976536154747,0.5817576721310616,0.5994232520461082,0.5973588824272156,0.6330728232860565,0.6334081143140793,0.636280819773674,0.6045507341623306,0.598583422601223,0.6048803627490997,0.6185557395219803,0.6033479198813438,0.612229473888874,0.5708578452467918,0.5271223094314337,0.5610872879624367
T019,VF19D_Can_utt1.wav,VF32A_Can_utt2.wav,VF19D,VF32A,Can,Can,utt_c1,utt_c2,c1_c2,diff,can,0.7308422923088074,0.7156573832035065,0.6451415866613388,0.6316168010234833,0.7117979526519775,0.7012928277254105,0.7094055861234665,0.6799716651439667,0.6724833399057388,0.6624481230974197,0.6643122881650925,0.7047966718673706,0.6826066821813583,0.694109320640564,0.7053283452987671,0.6121226996183395,0.6649280488491058,0.6157032623887062
T020,VF21A_Can_utt1.wav,VF21A_Can_utt2.wav,VF21A,VF21A,Can,Can,utt_c1,utt_c2,c1_c2,same,can,0.8206316530704498,0.8214792013168335,0.8087321221828461,0.8037581443786621,0.7905703783035278,0.7699183225631714,0.793430358171463,0.7939364016056061,0.8106873631477356,0.7551799714565277,0.7506828010082245,0.8436077833175659,0.8803134858608246,0.8859797716140747,0.8486615419387817,0.760834813117981,0.769845187664032,0.7826274037361145
T021,VF21A_Can_utt1.wav,VF21B_Can_utt2.wav,VF21A,VF21B,Can,Can,utt_c1,utt_c2,c1_c2,diff,can,0.6343606859445572,0.6236723735928535,0.577289305627346,0.5882471725344658,0.5502526983618736,0.5283093620091677,0.6307457983493805,0.573856495320797,0.5458506122231483,0.5594186782836914,0.5724811181426048,0.6249740123748779,0.6168672069907188,0.635107085108757,0.6309917718172073,0.5970051512122154,0.5845917388796806,0.6154148951172829
T022,VF21A_Can_utt1.wav,VF21C_Can_utt2.wav,VF21A,VF21C,Can,Can,utt_c1,utt_c2,c1_c2,diff,can,0.6302863508462906,0.6297643780708313,0.5983338132500648,0.6227200776338577,0.5826106667518616,0.5709947720170021,0.612114705145359,0.6085922196507454,0.6078324913978577,0.5846097022294998,0.6050693690776825,0.604032464325428,0.6643864065408707,0.6229212284088135,0.6439005136489868,0.5727916061878204,0.5872981995344162,0.6034975275397301
T023,VF21A_Can_utt1.wav,VF21D_Can_utt2.wav,VF21A,VF21D,Can,Can,utt_c1,utt_c2,c1_c2,diff,can,0.590768575668335,0.5576636642217636,0.5412162840366364,0.5381119847297668,0.5534604527056217,0.5502329394221306,0.6576487869024277,0.582211971282959,0.587832547724247,0.556030485779047,0.5611968114972115,0.6257907748222351,0.6510981917381287,0.6555072069168091,0.6424445360898972,0.5106176547706127,0.5192535687237978,0.5427359826862812
T024,VF21A_Can_utt1.wav,VF23B_Can_utt2.wav,VF21A,VF23B,Can,Can,utt_c1,utt_c2,c1_c2,diff,can,0.5932124182581902,0.5733199492096901,0.5793809816241264,0.5901971533894539,0.558232307434082,0.5633141994476318,0.6194961592555046,0.5769175067543983,0.6047011986374855,0.5347552746534348,0.5116993337869644,0.6255952715873718,0.6314542591571808,0.6309491991996765,0.5753938555717468,0.48176896944642067,0.5373438559472561,0.5045697316527367
T025,VF21A_Can_utt1.wav,VF23C_Can_utt2.wav,VF21A,VF23C,Can,Can,utt_c1,utt_c2,c1_c2,diff,can,0.6049699038267136,0.6086563840508461,0.5164636950939894,0.537798386067152,0.521852295845747,0.5270476043224335,0.5541898757219315,0.6028441712260246,0.6171429231762886,0.5305689051747322,0.5509355664253235,0.6580323725938797,0.6892882883548737,0.6983065903186798,0.6551278233528137,0.5452746525406837,0.561417892575264,0.5613953545689583
T026,VF21A_Can_utt1.wav,VF26A_Can_utt2.wav,VF21A,VF26A,Can,Can,utt_c1,utt_c2,c1_c2,diff,can,0.6305674016475677,0.6003416478633881,0.6469761282205582,0.6406839787960052,0.6443718373775482,0.6378823071718216,0.7071104794740677,0.629242792725563,0.6182786226272583,0.6244045272469521,0.6220555603504181,0.6774612665176392,0.6924273073673248,0.6673957854509354,0.6217193305492401,0.5832916274666786,0.6361065357923508,0.6003218069672585
T027,VF21A_Can_utt1.wav,VF32A_Can_utt2.wav,VF21A,VF32A,Can,Can,utt_c1,utt_c2,c1_c2,diff,can,0.5650576874613762,0.568511351943016,0.5123267341405153,0.5264553241431713,0.543690849095583,0.5502656623721123,0.6179777681827545,0.5787419602274895,0.5885787382721901,0.4753661062568426,0.4946667104959488,0.5829420834779739,0.6096373051404953,0.6042948216199875,0.6162924394011497,0.5271983668208122,0.5303762014955282,0.4952162974514067
T028,VF21B_Can_utt1.wav,VF21B_Can_utt2.wav,VF21B,VF21B,Can,Can,utt_c1,utt_c2,c1_c2,same,can,0.8178697526454926,0.8189232349395752,0.797576516866684,0.7816058099269867,0.8028886020183563,0.7814883291721344,0.8079521059989929,0.840546190738678,0.7863151133060455,0.8160662949085236,0.7903531789779663,0.8786613643169403,0.8687327206134796,0.8968495726585388,0.8893119096755981,0.8385818600654602,0.8262395262718201,0.8545383214950562
T029,VF21B_Can_utt1.wav,VF21C_Can_utt2.wav,VF21B,VF21C,Can,Can,utt_c1,utt_c2,c1_c2,diff,can,0.6657596081495285,0.6577807515859604,0.7181734293699265,0.7227514535188675,0.7093071341514587,0.685378834605217,0.7544824779033661,0.7402501702308655,0.7196802049875259,0.7320288568735123,0.7326397448778152,0.7474408894777298,0.7542776465415955,0.7689225673675537,0.7731534540653229,0.7147729843854904,0.6769830882549286,0.7063219547271729
T030,VF21B_Can_utt1.wav,VF21D_Can_utt2.wav,VF21B,VF21D,Can,Can,utt_c1,utt_c2,c1_c2,diff,can,0.64128577709198,0.628483235836029,0.7103794813156128,0.692184790968895,0.7053938210010529,0.6806620806455612,0.7744279205799103,0.7229336649179459,0.7274450212717056,0.7004214078187943,0.687354326248169,0.6913300156593323,0.7250525951385498,0.718133419752121,0.7131570428609848,0.6819812059402466,0.630852222442627,0.6269719749689102
T031,VF21B_Can_utt1.wav,VF23B_Can_utt2.wav,VF21B,VF23B,Can,Can,utt_c1,utt_c2,c1_c2,diff,can,0.47109329886734486,0.47652403451502323,0.4786487706005573,0.4882067972794175,0.470152098685503,0.4701526165008545,0.5530822575092316,0.46676822379231453,0.49671535519883037,0.466296911239624,0.4683680571615696,0.5669462829828262,0.5830304250121117,0.5586193464696407,0.5577673278748989,0.5063297478482127,0.5201098173856735,0.48278170824050903
T032,VF21B_Can_utt1.wav,VF23C_Can_utt2.wav,VF21B,VF23C,Can,Can,utt_c1,utt_c2,c1_c2,diff,can,0.6447732448577881,0.6540242284536362,0.5527783073484898,0.5755187422037125,0.5825038403272629,0.5792787075042725,0.6245387941598892,0.548289343714714,0.5646381303668022,0.6512864679098129,0.6456485837697983,0.6717109531164169,0.6624587178230286,0.658701479434967,0.6673914641141891,0.6309203207492828,0.5851825177669525,0.5542662069201469
T033,VF21B_Can_utt1.wav,VF26A_Can_utt2.wav,VF21B,VF26A,Can,Can,utt_c1,utt_c2,c1_c2,diff,can,0.6382346153259277,0.6550370901823044,0.6567320674657822,0.6803499311208725,0.6330370455980301,0.6489640176296234,0.6944964975118637,0.6682449132204056,0.6881987601518631,0.6151357591152191,0.6275715380907059,0.6920949667692184,0.7069870084524155,0.6447013169527054,0.6862009465694427,0.6414481848478317,0.6160147413611412,0.6418138146400452
T034,VF21B_Can_utt1.wav,VF32A_Can_utt2.wav,VF21B,VF32A,Can,Can,utt_c1,utt_c2,c1_c2,diff,can,0.6131065264344215,0.6214436441659927,0.662461519241333,0.6739749908447266,0.6931635290384293,0.6909637749195099,0.6604376137256622,0.7071889787912369,0.7001858055591583,0.6632254719734192,0.6649618297815323,0.6522968709468842,0.6641659587621689,0.6436256617307663,0.6635083705186844,0.6947050243616104,0.663227841258049,0.5991115868091583
T035,VF21C_Can_utt1.wav,VF21C_Can_utt2.wav,VF21C,VF21C,Can,Can,utt_c1,utt_c2,c1_c2,same,can,0.8281336724758148,0.8236221373081207,0.7506000697612762,0.7191596776247025,0.7745242714881897,0.7627577483654022,0.799098938703537,0.8426378667354584,0.8248128592967987,0.7893725037574768,0.789363443851471,0.8478902280330658,0.8331202864646912,0.8774465024471283,0.8758005499839783,0.8093993663787842,0.7793314754962921,0.8223292827606201
T036,VF21C_Can_utt1.wav,VF21D_Can_utt2.wav,VF21C,VF21D,Can,Can,utt_c1,utt_c2,c1_c2,diff,can,0.5732295215129852,0.5611994564533234,0.6471951305866241,0.6231353506445885,0.6256576627492905,0.6099031865596771,0.7138582020998001,0.6357747614383698,0.6751206815242767,0.6117506995797157,0.607043944299221,0.6656850427389145,0.7205733358860016,0.7140969634056091,0.7218279093503952,0.5881507992744446,0.5707339122891426,0.5761901065707207
T037,VF21C_Can_utt1.wav,VF23B_Can_utt2.wav,VF21C,VF23B,Can,Can,utt_c1,utt_c2,c1_c2,diff,can,0.5914609208703041,0.5986316427588463,0.5825674533843994,0.5772514194250107,0.5767638012766838,0.5762340947985649,0.6187781617045403,0.5491797253489494,0.5514192469418049,0.49303121166303754,0.4862610585987568,0.6338727921247482,0.6462207287549973,0.6164628863334656,0.5973249524831772,0.4972162467893213,0.5534438751637936,0.5792712867259979
T038,VF21C_Can_utt1.wav,VF23C_Can_utt2.wav,VF21C,VF23C,Can,Can,utt_c1,utt_c2,c1_c2,diff,can,0.5971291661262512,0.6011749505996704,0.5335055515170097,0.5170038491487503,0.5388597398996353,0.5098178954795003,0.5667742416262627,0.5522768311202526,0.5559193827211857,0.548359327018261,0.5506270676851273,0.6258068829774857,0.6244009211659431,0.6331858783960342,0.63092440366745,0.5325616151094437,0.6006172597408295,0.538527600467205
T039,VF21C_Can_utt1.wav,VF26A_Can_utt2.wav,VF21C,VF26A,Can,Can,utt_c1,utt_c2,c1_c2,diff,can,0.5426278188824654,0.5612906813621521,0.5498335175216198,0.5432089008390903,0.5579857528209686,0.5766474306583405,0.5920116752386093,0.5732437893748283,0.5846188515424728,0.5682146996259689,0.5752615928649902,0.6628416925668716,0.6876553893089294,0.660830020904541,0.6845506280660629,0.5853768810629845,0.597183920443058,0.6170607283711433
T040,VF21C_Can_utt1.wav,VF32A_Can_utt2.wav,VF21C,VF32A,Can,Can,utt_c1,utt_c2,c1_c2,diff,can,0.5908218398690224,0.5919319838285446,0.5938426032662392,0.5709144175052643,0.6359460353851318,0.6217687055468559,0.6059970557689667,0.5983851999044418,0.5899085476994514,0.549008347094059,0.5516979023814201,0.6484093517065048,0.6803367733955383,0.6605091691017151,0.6907197386026382,0.5677085965871811,0.5773399099707603,0.6141291484236717
T041,VF21D_Can_utt1.wav,VF21D_Can_utt2.wav,VF21D,VF21D,Can,Can,utt_c1,utt_c2,c1_c2,same,can,0.6704883128404617,0.6734651774168015,0.7233852744102478,0.6962779611349106,0.7391633242368698,0.7111793756484985,0.7609694004058838,0.7958817183971405,0.7787032723426819,0.7614217698574066,0.7600363492965698,0.8064381778240204,0.7969076931476593,0.8336980044841766,0.802856832742691,0.7866155207157135,0.755049467086792,0.7194176763296127
T042,VF21D_Can_utt1.wav,VF23B_Can_utt2.wav,VF21D,VF23B,Can,Can,utt_c1,utt_c2,c1_c2,diff,can,0.5230365265160799,0.5202661175280809,0.5183120984584093,0.5335915423929691,0.5624085292220116,0.5714981332421303,0.6425410658121109,0.5674060806632042,0.567698746919632,0.5416228026151657,0.5369241312146187,0.6026773974299431,0.6359442323446274,0.6167456060647964,0.6310527920722961,0.5357604697346687,0.576697826385498,0.528105229139328
T043,VF21D_Can_utt1.wav,VF23C_Can_utt2.wav,VF21D,VF23C,Can,Can,utt_c1,utt_c2,c1_c2,diff,can,0.5911633148789406,0.5852107778191566,0.5162270106375217,0.5074713178910315,0.5129504688084126,0.5222664270550013,0.5415902175009251,0.49652572930790484,0.4880436360836029,0.5655704885721207,0.5414798818528652,0.5849688053131104,0.6214892193675041,0.6030216291546822,0.6338468641042709,0.5547052696347237,0.5344832539558411,0.5091918352991343
T044,VF21D_Can_utt1.wav,VF26A_Can_utt2.wav,VF21D,VF26A,Can,Can,utt_c1,utt_c2,c1_c2,diff,can,0.6933078914880753,0.6978873312473297,0.6570806354284286,0.6672296971082687,0.6227695718407631,0.6273627877235413,0.7171346992254257,0.6817353516817093,0.6992676258087158,0.6241458728909492,0.6193566843867302,0.7151329666376114,0.6921679526567459,0.688549816608429,0.7112153619527817,0.6812330037355423,0.6506821513175964,0.6866255700588226
T045,VF21D_Can_utt1.wav,VF32A_Can_utt2.wav,VF21D,VF32A,Can,Can,utt_c1,utt_c2,c1_c2,diff,can,0.6118427515029907,0.6099821031093597,0.6093896478414536,0.6095094829797745,0.5616212897002697,0.5712163001298904,0.6111751571297646,0.6503420919179916,0.6441433876752853,0.5822495296597481,0.5904069691896439,0.6787521690130234,0.6800880432128906,0.6872507035732269,0.7194004654884338,0.6017186939716339,0.64378622174263,0.6318012624979019
T046,VF23B_Can_utt1.wav,VF23B_Can_utt2.wav,VF23B,VF23B,Can,Can,utt_c1,utt_c2,c1_c2,same,can,0.8177477717399597,0.7957912981510162,0.7256814539432526,0.7232328355312347,0.7758818864822388,0.7748577296733856,0.7671798467636108,0.7738412618637085,0.807253509759903,0.7680801153182983,0.748318076133728,0.8542290925979614,0.8138260841369629,0.9040805697441101,0.7740776240825653,0.758405327796936,0.7593348622322083,0.7634357810020447
T047,VF23B_Can_utt1.wav,VF23C_Can_utt2.wav,VF23B,VF23C,Can,Can,utt_c1,utt_c2,c1_c2,diff,can,0.6027505397796631,0.5958956480026245,0.526286905631423,0.5349593535065651,0.5238098241388798,0.5285507030785084,0.584426112473011,0.5789006724953651,0.5962129905819893,0.5058630621060729,0.5026640621945262,0.6047828793525696,0.5661507025361061,0.6410060226917267,0.5546509847044945,0.4773279298096895,0.4953601905144751,0.5039847586303949
T048,VF23B_Can_utt1.wav,VF26A_Can_utt2.wav,VF23B,VF26A,Can,Can,utt_c1,utt_c2,c1_c2,diff,can,0.6193418130278587,0.6096085906028748,0.5280404891818762,0.5348478741943836,0.5360349677503109,0.5369642004370689,0.601595088839531,0.5018115356797352,0.5141053106635809,0.5745011195540428,0.5740519389510155,0.6106409952044487,0.5966979116201401,0.6091423258185387,0.545767217874527,0.553536094725132,0.5573118329048157,0.5938732549548149
T049,VF23B_Can_utt1.wav,VF32A_Can_utt2.wav,VF23B,VF32A,Can,Can,utt_c1,utt_c2,c1_c2,diff,can,0.6204034984111786,0.6453026682138443,0.6024313941597939,0.6227652877569199,0.5951018929481506,0.5919331684708595,0.6210681945085526,0.5579958483576775,0.5519730113446712,0.5375537239015102,0.5492346696555614,0.6106376498937607,0.6166248619556427,0.6323208212852478,0.5877435132861137,0.5458478704094887,0.5816964879631996,0.5847911015152931
T050,VF23C_Can_utt1.wav,VF23C_Can_utt2.wav,VF23C,VF23C,Can,Can,utt_c1,utt_c2,c1_c2,same,can,0.8520551025867462,0.8560544550418854,0.7877549827098846,0.7519777119159698,0.7457603067159653,0.7172674983739853,0.7889663875102997,0.8035400807857513,0.8196748197078705,0.780719131231308,0.757163792848587,0.8978061974048615,0.8573804795742035,0.8959943652153015,0.8414552509784698,0.7469480335712433,0.7860269844532013,0.8242047429084778
T051,VF23C_Can_utt1.wav,VF26A_Can_utt2.wav,VF23C,VF26A,Can,Can,utt_c1,utt_c2,c1_c2,diff,can,0.5742117315530777,0.5695756375789642,0.49799986160360277,0.5108793331310153,0.4679991640150547,0.47522040642797947,0.5772457644343376,0.527547188103199,0.5785378888249397,0.5207126028835773,0.5301748458296061,0.5932341665029526,0.5820502862334251,0.6100282743573189,0.5775591060519218,0.4930649674497545,0.49632020969875157,0.4943352350965142
T052,VF23C_Can_utt1.wav,VF32A_Can_utt2.wav,VF23C,VF32A,Can,Can,utt_c1,utt_c2,c1_c2,diff,can,0.6760477870702744,0.6757140457630157,0.5606658160686493,0.5441687442362309,0.6081614717841148,0.6001531481742859,0.6335294097661972,0.6040267497301102,0.6417060941457748,0.6356962025165558,0.6278300434350967,0.6662853956222534,0.6522213965654373,0.6659356653690338,0.700848400592804,0.5801749527454376,0.6023466065526009,0.5805719643831253
T053,VF26A_Can_utt1.wav,VF26A_Can_utt2.wav,VF26A,VF26A,Can,Can,utt_c1,utt_c2,c1_c2,same,can,0.8432464003562927,0.8416556417942047,0.747619092464447,0.719955638051033,0.7726049721240997,0.7569610178470612,0.7920169234275818,0.7371195554733276,0.7070642858743668,0.8046829402446747,0.7918829619884491,0.8754229247570038,0.8842793703079224,0.8876359760761261,0.8580561578273773,0.740880697965622,0.827434629201889,0.8159646987915039
T054,VF26A_Can_utt1.wav,VF32A_Can_utt2.wav,VF26A,VF32A,Can,Can,utt_c1,utt_c2,c1_c2,diff,can,0.6474990099668503,0.638523057103157,0.5141546949744225,0.5202827788889408,0.5630875676870346,0.5685414746403694,0.6265015751123428,0.5404474064707756,0.5046356529928744,0.5742659941315651,0.5696201995015144,0.6308204680681229,0.6095133796334267,0.6572984009981155,0.6333424746990204,0.5638350397348404,0.5820595100522041,0.5490286909043789
T055,VF32A_Can_utt1.wav,VF32A_Can_utt2.wav,VF32A,VF32A,Can,Can,utt_c1,utt_c2,c1_c2,same,can,0.9016391336917877,0.8943894803524017,0.7297324538230896,0.7128107845783234,0.7844911515712738,0.7673049569129944,0.7580989897251129,0.8033099472522736,0.7643762230873108,0.8001418709754944,0.7918466627597809,0.9110444784164429,0.8977415561676025,0.9107289612293243,0.8992569744586945,0.8051316738128662,0.8508602976799011,0.8026725649833679
T056,VF19B_Can_utt1.wav,VF19B_Eng_utt2.wav,VF19B,VF19B,Can,Eng,utt_c1,utt_e2,c1_e2,same,mixed,0.7578684687614441,0.7655600607395172,0.7882626950740814,0.7829078733921051,0.7267498522996902,0.7145573049783707,0.7361520528793335,0.7192231118679047,0.755325198173523,0.6975539177656174,0.6870788782835007,0.7631483972072601,0.7411691844463348,0.7737134099006653,0.7668442130088806,0.7917616367340088,0.7565463781356812,0.7930819392204285
T057,VF19B_Can_utt1.wav,VF19D_Eng_utt2.wav,VF19B,VF19D,Can,Eng,utt_c1,utt_e2,c1_e2,diff,mixed,0.5854313597083092,0.5759416073560715,0.6168136522173882,0.5976661294698715,0.5505937151610851,0.5402059853076935,0.615264818072319,0.5807867646217346,0.5874242708086967,0.5906411781907082,0.590646281838417,0.6045595854520798,0.6202835068106651,0.6231340989470482,0.6753931194543839,0.6038031578063965,0.5793777704238892,0.5760820880532265
T058,VF19B_Can_utt1.wav,VF21A_Eng_utt2.wav,VF19B,VF21A,Can,Eng,utt_c1,utt_e2,c1_e2,diff,mixed,0.6808287799358368,0.7049473822116852,0.6412102729082108,0.6539337337017059,0.6484374850988388,0.6477758586406708,0.6269561946392059,0.5480037145316601,0.5347249992191792,0.6269369274377823,0.6379292160272598,0.6015910059213638,0.5763881951570511,0.6140885278582573,0.5542253889143467,0.6262242048978806,0.5734795108437538,0.6215612813830376
T059,VF19B_Can_utt1.wav,VF21B_Eng_utt2.wav,VF19B,VF21B,Can,Eng,utt_c1,utt_e2,c1_e2,diff,mixed,0.6995548903942108,0.6808524131774902,0.636090487241745,0.6091055795550346,0.6000243872404099,0.5921917855739594,0.6855836063623428,0.6142423376441002,0.6153862029314041,0.6227051913738251,0.6081313192844391,0.6686816364526749,0.6320363134145737,0.6759375631809235,0.6318451911211014,0.6315755546092987,0.5811937600374222,0.6049777716398239
T060,VF19B_Can_utt1.wav,VF21C_Eng_utt2.wav,VF19B,VF21C,Can,Eng,utt_c1,utt_e2,c1_e2,diff,mixed,0.6294286102056503,0.6216439083218575,0.6056826114654541,0.6179971098899841,0.5928743407130241,0.5810831785202026,0.6341315805912018,0.5680815130472183,0.5659694075584412,0.6221177577972412,0.643296629190445,0.6223151981830597,0.5953570604324341,0.6278216242790222,0.5932732000946999,0.5941636189818382,0.5440656021237373,0.5472252294421196
T061,VF19B_Can_utt1.wav,VF21D_Eng_utt2.wav,VF19B,VF21D,Can,Eng,utt_c1,utt_e2,c1_e2,diff,mixed,0.7121035307645798,0.6959134042263031,0.6142817884683609,0.6171077266335487,0.628766730427742,0.6292974054813385,0.6753416955471039,0.5575815960764885,0.5692066177725792,0.5975783243775368,0.6093677580356598,0.5995489284396172,0.5494364127516747,0.6151212602853775,0.5991795063018799,0.6182227656245232,0.590461015701294,0.596275582909584
T062,VF19B_Can_utt1.wav,VF23B_Eng_utt2.wav,VF19B,VF23B,Can,Eng,utt_c1,utt_e2,c1_e2,diff,mixed,0.6292009502649307,0.6353052854537964,0.591885432600975,0.5967269465327263,0.5767165496945381,0.5552770048379898,0.5809394642710686,0.5433911345899105,0.5353965125977993,0.5568592473864555,0.5583646334707737,0.5782626569271088,0.5821974128484726,0.5909656062722206,0.5847689434885979,0.5693954601883888,0.5843014046549797,0.5803241953253746
T063,VF19B_Can_utt1.wav,VF23C_Eng_utt2.wav,VF19B,VF23C,Can,Eng,utt_c1,utt_e2,c1_e2,diff,mixed,0.6566247195005417,0.6585581302642822,0.5276826955378056,0.5561040081083775,0.4521418362855911,0.4457732290029526,0.5562484003603458,0.4632321409881115,0.4837925136089325,0.5250041726976633,0.5375147685408592,0.5643937215209007,0.52705935575068,0.5512652322649956,0.4553634338080883,0.5120317582041025,0.515326552093029,0.5191479865461588
T064,VF19B_Can_utt1.wav,VF26A_Eng_utt2.wav,VF19B,VF26A,Can,Eng,utt_c1,utt_e2,c1_e2,diff,mixed,0.5439913310110569,0.5549328997731209,0.6039734929800034,0.5878459066152573,0.5595322400331497,0.5531956441700459,0.6509683430194855,0.5822276622056961,0.6021382212638855,0.626516193151474,0.6256769746541977,0.6350619345903397,0.6283238232135773,0.5856438800692558,0.5590425468981266,0.6181826964020729,0.6217348799109459,0.6217227429151535
T065,VF19B_Can_utt1.wav,VF32A_Eng_utt2.wav,VF19B,VF32A,Can,Eng,utt_c1,utt_e2,c1_e2,diff,mixed,0.6009573936462402,0.6121074855327606,0.6422409266233444,0.6291331946849823,0.5769135355949402,0.5596016198396683,0.6851814687252045,0.5573634542524815,0.5717911347746849,0.5617025420069695,0.5671838670969009,0.599575899541378,0.5783515051007271,0.5898686945438385,0.5642303228378296,0.6098312959074974,0.5931936353445053,0.5707539692521095
T066,VF19D_Can_utt1.wav,VF19D_Eng_utt2.wav,VF19D,VF19D,Can,Eng,utt_c1,utt_e2,c1_e2,same,mixed,0.8181697726249695,0.8291435241699219,0.7635679244995117,0.7619886100292206,0.7850583791732788,0.7789733707904816,0.7418572455644608,0.8103168308734894,0.787550538778305,0.7669009268283844,0.7615355253219604,0.7871180176734924,0.7600055038928986,0.7956208884716034,0.8332672715187073,0.8186600208282471,0.8042737245559692,0.8319023847579956
T067,VF19D_Can_utt1.wav,VF21A_Eng_utt2.wav,VF19D,VF21A,Can,Eng,utt_c1,utt_e2,c1_e2,diff,mixed,0.7000986784696579,0.7032327800989151,0.6437848806381226,0.6396389901638031,0.6377045214176178,0.6259370893239975,0.6117111518979073,0.6037339568138123,0.5957629680633545,0.5954441428184509,0.5986457318067551,0.588791161775589,0.5928938686847687,0.6203139498829842,0.6453590095043182,0.6285478621721268,0.6069598123431206,0.6448730528354645
T068,VF19D_Can_utt1.wav,VF21B_Eng_utt2.wav,VF19D,VF21B,Can,Eng,utt_c1,utt_e2,c1_e2,diff,mixed,0.7166113555431366,0.713583379983902,0.7391133904457092,0.7229307144880295,0.7155088931322098,0.7086621671915054,0.6925894916057587,0.7182741910219193,0.7337964773178101,0.667529508471489,0.6635045111179352,0.6803377419710159,0.6855746209621429,0.6961167901754379,0.7379799038171768,0.7200017273426056,0.7272227704524994,0.6836174726486206
T069,VF19D_Can_utt1.wav,VF21C_Eng_utt2.wav,VF19D,VF21C,Can,Eng,utt_c1,utt_e2,c1_e2,diff,mixed,0.5583011694252491,0.5501126125454903,0.6555191725492477,0.6397996097803116,0.6291088312864304,0.6219856217503548,0.6335737705230713,0.6145451366901398,0.6014576256275177,0.5918359681963921,0.5963588207960129,0.6244826018810272,0.6393944323062897,0.6357213109731674,0.6670397073030472,0.630182534456253,0.6055085435509682,0.6002054885029793
T070,VF19D_Can_utt1.wav,VF21D_Eng_utt2.wav,VF19D,VF21D,Can,Eng,utt_c1,utt_e2,c1_e2,diff,mixed,0.5637475177645683,0.5545352175831795,0.5339096561074257,0.5075750816613436,0.5993664562702179,0.5787254348397255,0.6013682037591934,0.61910080909729,0.6074624881148338,0.5585352778434753,0.5717762112617493,0.5539131052792072,0.5493581593036652,0.5568919815123081,0.6103332936763763,0.6000047475099564,0.5850430727005005,0.5359640754759312
T071,VF19D_Can_utt1.wav,VF23B_Eng_utt2.wav,VF19D,VF23B,Can,Eng,utt_c1,utt_e2,c1_e2,diff,mixed,0.7069214135408401,0.6999446153640747,0.6207876652479172,0.6197830587625504,0.6007573381066322,0.5960131511092186,0.6188057735562325,0.6482806205749512,0.6583008319139481,0.5696895867586136,0.5684722438454628,0.6064168587327003,0.6149626076221466,0.5896532610058784,0.6030165702104568,0.56798255443573,0.6079284399747849,0.5553896576166153
T072,VF19D_Can_utt1.wav,VF23C_Eng_utt2.wav,VF19D,VF23C,Can,Eng,utt_c1,utt_e2,c1_e2,diff,mixed,0.7095836699008942,0.687907263636589,0.6268236488103867,0.6554796397686005,0.6041429936885834,0.5914775282144547,0.6511594355106354,0.6447460353374481,0.6369935423135757,0.6309256255626678,0.6377786695957184,0.5915965586900711,0.5790675580501556,0.6092044711112976,0.5740948617458344,0.6152489855885506,0.6362063735723495,0.6419813930988312
T073,VF19D_Can_utt1.wav,VF26A_Eng_utt2.wav,VF19D,VF26A,Can,Eng,utt_c1,utt_e2,c1_e2,diff,mixed,0.6545525044202805,0.6437092274427414,0.5884359627962112,0.5834048837423325,0.6096368208527565,0.6016687825322151,0.6491331309080124,0.6365929991006851,0.6360723525285721,0.6029510274529457,0.5856124758720398,0.6213917434215546,0.6091169193387032,0.5819030031561852,0.589385561645031,0.5543073788285255,0.5152057111263275,0.5437726154923439
T074,VF19D_Can_utt1.wav,VF32A_Eng_utt2.wav,VF19D,VF32A,Can,Eng,utt_c1,utt_e2,c1_e2,diff,mixed,0.6798248738050461,0.6774960607290268,0.6818354576826096,0.662856712937355,0.7000132948160172,0.6749487072229385,0.7171928137540817,0.7193774282932281,0.702922597527504,0.6981865465641022,0.6829735934734344,0.6475374847650528,0.6057547703385353,0.6394239217042923,0.6221620589494705,0.6281173527240753,0.5905868485569954,0.6254388093948364
T075,VF21A_Can_utt1.wav,VF21A_Eng_utt2.wav,VF21A,VF21A,Can,Eng,utt_c1,utt_e2,c1_e2,same,mixed,0.7566219568252563,0.7616777718067169,0.7134665101766586,0.7044387012720108,0.7085625976324081,0.7085071057081223,0.6790854781866074,0.6603408306837082,0.6640803068876266,0.6758778989315033,0.6772369295358658,0.7580681145191193,0.7148168087005615,0.748823881149292,0.7481242418289185,0.6591466665267944,0.6685914844274521,0.6669061034917831
T076,VF21A_Can_utt1.wav,VF21B_Eng_utt2.wav,VF21A,VF21B,Can,Eng,utt_c1,utt_e2,c1_e2,diff,mixed,0.6326498836278915,0.6436864882707596,0.6047348007559776,0.5967481359839439,0.5720092952251434,0.5756903365254402,0.6300085484981537,0.5724529474973679,0.595356784760952,0.5589403845369816,0.5602937787771225,0.5983971059322357,0.5679282173514366,0.560273077338934,0.5383567921817303,0.5811938568949699,0.5796195864677429,0.583368793129921
T077,VF21A_Can_utt1.wav,VF21C_Eng_utt2.wav,VF21A,VF21C,Can,Eng,utt_c1,utt_e2,c1_e2,diff,mixed,0.5367488078773022,0.5335197299718857,0.5701103806495667,0.5752458944916725,0.5946599915623665,0.6073340699076653,0.6029573902487755,0.5707997158169746,0.5868420824408531,0.5783205330371857,0.6058387234807014,0.6061227396130562,0.6125213876366615,0.6341092586517334,0.6481023728847504,0.5834373235702515,0.6431855857372284,0.6430985778570175
T078,VF21A_Can_utt1.wav,VF21D_Eng_utt2.wav,VF21A,VF21D,Can,Eng,utt_c1,utt_e2,c1_e2,diff,mixed,0.5928940996527672,0.5780631452798843,0.5013453318970278,0.4870982663705945,0.5482670105993748,0.5571200214326382,0.6314249783754349,0.5722223743796349,0.57059096544981,0.5001670363853918,0.5111612034961581,0.5505736321210861,0.4717912841588259,0.5715856477618217,0.5337439216673374,0.48306369967758656,0.48164173401892185,0.48874165676534176
T079,VF21A_Can_utt1.wav,VF23B_Eng_utt2.wav,VF21A,VF23B,Can,Eng,utt_c1,utt_e2,c1_e2,diff,mixed,0.6322957277297974,0.6301160305738449,0.5193600039929152,0.5180489309132099,0.5052136345766485,0.5082825012505054,0.5870592668652534,0.5065490244887769,0.5123477894812822,0.5079079316928983,0.4963989455718547,0.5314748585224152,0.5024773357436061,0.5345573984086514,0.5028703887946904,0.47524489276111126,0.5299924220889807,0.5111578032374382
T080,VF21A_Can_utt1.wav,VF23C_Eng_utt2.wav,VF21A,VF23C,Can,Eng,utt_c1,utt_e2,c1_e2,diff,mixed,0.7059464603662491,0.7004161030054092,0.5927084535360336,0.6142392158508301,0.52637979388237,0.5322257280349731,0.5965316891670227,0.6058430522680283,0.6527660191059113,0.5238806921988726,0.4992930804146454,0.640352800488472,0.5360862538218498,0.6575766056776047,0.5599784180521965,0.535245917737484,0.5638109520077705,0.5467121712863445
T081,VF21A_Can_utt1.wav,VF26A_Eng_utt2.wav,VF21A,VF26A,Can,Eng,utt_c1,utt_e2,c1_e2,diff,mixed,0.6220230013132095,0.6024321168661118,0.5810132995247841,0.5682209134101868,0.5965471640229225,0.5924391075968742,0.7071449011564255,0.6639368087053299,0.6604743599891663,0.5603081993758678,0.5692225620150566,0.6551140993833542,0.6441104710102081,0.6069950237870216,0.6041050180792809,0.5460440926253796,0.5536749064922333,0.5221316963434219
T082,VF21A_Can_utt1.wav,VF32A_Eng_utt2.wav,VF21A,VF32A,Can,Eng,utt_c1,utt_e2,c1_e2,diff,mixed,0.5799792855978012,0.5741189792752266,0.6013648808002472,0.6063029393553734,0.5657410025596619,0.5692441686987877,0.6504784375429153,0.5981087908148766,0.6321215927600861,0.555483091622591,0.5685651153326035,0.5980428233742714,0.5816248282790184,0.5945850685238838,0.6114625483751297,0.5263012629002333,0.5607586279511452,0.5335751585662365
T083,VF21B_Can_utt1.wav,VF21B_Eng_utt2.wav,VF21B,VF21B,Can,Eng,utt_c1,utt_e2,c1_e2,same,mixed,0.7944987714290619,0.7847232222557068,0.788511335849762,0.7619586288928986,0.7998498678207397,0.784104973077774,0.7980293333530426,0.8021060228347778,0.7906137704849243,0.8110751509666443,0.788042426109314,0.8261701464653015,0.8121998608112335,0.857294887304306,0.8620794117450714,0.8101999759674072,0.8091644942760468,0.7964977324008942
T084,VF21B_Can_utt1.wav,VF21C_Eng_utt2.wav,VF21B,VF21C,Can,Eng,utt_c1,utt_e2,c1_e2,diff,mixed,0.6821066290140152,0.6769807934761047,0.7557626962661743,0.753563642501831,0.7790994048118591,0.7720904648303986,0.7661763727664948,0.7575939893722534,0.7524145841598511,0.7761578857898712,0.7784151136875153,0.7480759173631668,0.728630855679512,0.7623421251773834,0.8028114438056946,0.7344056218862534,0.7212421298027039,0.7090029567480087
T085,VF21B_Can_utt1.wav,VF21D_Eng_utt2.wav,VF21B,VF21D,Can,Eng,utt_c1,utt_e2,c1_e2,diff,mixed,0.6884247809648514,0.6702623516321182,0.6640236377716064,0.6413779258728027,0.6758934408426285,0.6655721813440323,0.7410098314285278,0.646634116768837,0.6648913770914078,0.652397096157074,0.6513017117977142,0.5933247581124306,0.5407777801156044,0.6424382030963898,0.6632719784975052,0.6767192929983139,0.627984881401062,0.5943159386515617
T086,VF21B_Can_utt1.wav,VF23B_Eng_utt2.wav,VF21B,VF23B,Can,Eng,utt_c1,utt_e2,c1_e2,diff,mixed,0.6339358538389206,0.6526076197624207,0.5380389578640461,0.5446447655558586,0.5222978703677654,0.5184884648770094,0.5820101723074913,0.4873704509809613,0.48681164626032114,0.4932383503764868,0.49948291591135785,0.5644119679927826,0.5680060535669327,0.5757322907447815,0.5673318058252335,0.5486716441810131,0.5753438174724579,0.5480619519948959
T087,VF21B_Can_utt1.wav,VF23C_Eng_utt2.wav,VF21B,VF23C,Can,Eng,utt_c1,utt_e2,c1_e2,diff,mixed,0.5994399785995483,0.5930012241005898,0.49581791926175356,0.5098209092393517,0.5174647122621536,0.502224697265774,0.5940559580922127,0.5024367191363126,0.5009361747652292,0.5017520618857816,0.5062631284818053,0.5500193685293198,0.4579280987381935,0.5033105455804616,0.46266884729266167,0.5055289925076067,0.5109424078837037,0.48715727496892214
T088,VF21B_Can_utt1.wav,VF26A_Eng_utt2.wav,VF21B,VF26A,Can,Eng,utt_c1,utt_e2,c1_e2,diff,mixed,0.600803829729557,0.6118863299489021,0.615716964006424,0.5972031205892563,0.6111699268221855,0.6152549386024475,0.7018762826919556,0.6729255318641663,0.6790659576654434,0.6407592594623566,0.644887775182724,0.6653243452310562,0.6629627496004105,0.6079549118876457,0.6652467101812363,0.6239203214645386,0.6123966127634048,0.6020490750670433
T089,VF21B_Can_utt1.wav,VF32A_Eng_utt2.wav,VF21B,VF32A,Can,Eng,utt_c1,utt_e2,c1_e2,diff,mixed,0.6206328719854355,0.6352599114179611,0.6856663376092911,0.6623177230358124,0.6573954075574875,0.6413351148366928,0.7255255728960037,0.6470668017864227,0.672059029340744,0.6571816205978394,0.658263772726059,0.5869136303663254,0.5611464641988277,0.5660990998148918,0.5544784553349018,0.6212368160486221,0.6334129422903061,0.6060026288032532
T090,VF21C_Can_utt1.wav,VF21C_Eng_utt2.wav,VF21C,VF21C,Can,Eng,utt_c1,utt_e2,c1_e2,same,mixed,0.7809759378433228,0.7679263949394226,0.667168915271759,0.6411145180463791,0.7120150327682495,0.6849134713411331,0.7586441040039062,0.7222741842269897,0.7023480534553528,0.7201493680477142,0.7201907783746719,0.7638441622257233,0.7120688408613205,0.8163940608501434,0.8127647042274475,0.7101668864488602,0.7577323615550995,0.6915523260831833
T091,VF21C_Can_utt1.wav,VF21D_Eng_utt2.wav,VF21C,VF21D,Can,Eng,utt_c1,utt_e2,c1_e2,diff,mixed,0.5630581229925156,0.5641472339630127,0.5789621993899345,0.5756937339901924,0.6060192957520485,0.6039073839783669,0.641424298286438,0.5671501755714417,0.5861522480845451,0.5282542686909437,0.5312637500464916,0.5435799397528172,0.4941521002911031,0.5947921052575111,0.6016050726175308,0.5523136593401432,0.5136301359161735,0.5286837257444859
T092,VF21C_Can_utt1.wav,VF23B_Eng_utt2.wav,VF21C,VF23B,Can,Eng,utt_c1,utt_e2,c1_e2,diff,mixed,0.5609802156686783,0.585447408258915,0.5902549102902412,0.5952648296952248,0.5736316069960594,0.5649585649371147,0.5880259573459625,0.5687907487154007,0.5766757801175117,0.523355333134532,0.5469778515398502,0.5613068528473377,0.5613075755536556,0.5749830976128578,0.5755629986524582,0.5226092729717493,0.5956293866038322,0.62034622579813
T093,VF21C_Can_utt1.wav,VF23C_Eng_utt2.wav,VF21C,VF23C,Can,Eng,utt_c1,utt_e2,c1_e2,diff,mixed,0.601949006319046,0.6058702990412712,0.5510720536112785,0.5427012592554092,0.5463365688920021,0.5288588758558035,0.5798117443919182,0.5475882142782211,0.5472552664577961,0.532581266015768,0.5248945038765669,0.5139435706660151,0.4811159763485193,0.5010838275775313,0.440508633852005,0.5188203882426023,0.5592570938169956,0.5363855361938477
T094,VF21C_Can_utt1.wav,VF26A_Eng_utt2.wav,VF21C,VF26A,Can,Eng,utt_c1,utt_e2,c1_e2,diff,mixed,0.5595368184149265,0.5806150436401367,0.5376039668917656,0.5258028656244278,0.5586867965757847,0.5724470019340515,0.6198453530669212,0.5408546812832355,0.5600106902420521,0.5275778975337744,0.5415167137980461,0.6133478209376335,0.6076963245868683,0.607982873916626,0.6551226526498795,0.594836488366127,0.5315209180116653,0.558325782418251
T095,VF21C_Can_utt1.wav,VF32A_Eng_utt2.wav,VF21C,VF32A,Can,Eng,utt_c1,utt_e2,c1_e2,diff,mixed,0.5927165225148201,0.620091050863266,0.6277412921190262,0.6026780158281326,0.5923790037631989,0.5747393816709518,0.6405324786901474,0.5808125361800194,0.601502038538456,0.5615181736648083,0.5791811496019363,0.5773703381419182,0.5719816759228706,0.5574315972626209,0.548563789576292,0.5950850248336792,0.5669213533401489,0.6076560467481613
T096,VF21D_Can_utt1.wav,VF21D_Eng_utt2.wav,VF21D,VF21D,Can,Eng,utt_c1,utt_e2,c1_e2,same,mixed,0.7594243586063385,0.7372419983148575,0.699444979429245,0.696423664689064,0.7915287017822266,0.781754344701767,0.7875600457191467,0.7277278304100037,0.7223827093839645,0.7251699864864349,0.7405617237091064,0.7896549105644226,0.7258795946836472,0.824165552854538,0.7895102500915527,0.7579137980937958,0.7722537815570831,0.7487338185310364
T097,VF21D_Can_utt1.wav,VF23B_Eng_utt2.wav,VF21D,VF23B,Can,Eng,utt_c1,utt_e2,c1_e2,diff,mixed,0.6440729051828384,0.6610247939825058,0.5941892713308334,0.6001556888222694,0.581098198890686,0.5983759090304375,0.6147109270095825,0.5631247088313103,0.5509978570044041,0.5660382062196732,0.5737730264663696,0.6194907799363136,0.6171203628182411,0.5944849476218224,0.6042600348591805,0.5486981496214867,0.6323279440402985,0.5895542949438095
T098,VF21D_Can_utt1.wav,VF23C_Eng_utt2.wav,VF21D,VF23C,Can,Eng,utt_c1,utt_e2,c1_e2,diff,mixed,0.5893313586711884,0.5766805410385132,0.45862510427832603,0.47251185216009617,0.44606437534093857,0.43918313831090927,0.53630780428648,0.42183104902505875,0.43613044917583466,0.4364761561155319,0.43665215373039246,0.5020443615503609,0.43371961265802383,0.4687592200934887,0.4230159521102905,0.4668489508330822,0.47326251678168774,0.4633915387094021
T099,VF21D_Can_utt1.wav,VF26A_Eng_utt2.wav,VF21D,VF26A,Can,Eng,utt_c1,utt_e2,c1_e2,diff,mixed,0.622223824262619,0.639232337474823,0.6640856862068176,0.6692596077919006,0.6332874149084091,0.6557815819978714,0.7865677177906036,0.7133859544992447,0.7221701741218567,0.6862928420305252,0.7031412422657013,0.6995295435190201,0.6567379683256149,0.6746897995471954,0.6783922016620636,0.6614407747983932,0.6644338667392731,0.6693719625473022
T100,VF21D_Can_utt1.wav,VF32A_Eng_utt2.wav,VF21D,VF32A,Can,Eng,utt_c1,utt_e2,c1_e2,diff,mixed,0.655475452542305,0.6656820774078369,0.6658537238836288,0.6547192335128784,0.6086334064602852,0.633538007736206,0.6615290939807892,0.6482963114976883,0.6587711870670319,0.6237279623746872,0.6343925893306732,0.6681957989931107,0.649048462510109,0.6649048030376434,0.6755401492118835,0.6447295397520065,0.6582576781511307,0.605154886841774
T101,VF23B_Can_utt1.wav,VF23B_Eng_utt2.wav,VF23B,VF23B,Can,Eng,utt_c1,utt_e2,c1_e2,same,mixed,0.7255404889583588,0.7314298748970032,0.7503812313079834,0.7562322616577148,0.7295024245977402,0.7329358756542206,0.7059140354394913,0.7645220756530762,0.7445627748966217,0.7602291107177734,0.7622107267379761,0.742683470249176,0.7086238712072372,0.7679345607757568,0.7096879929304123,0.7181640118360519,0.7537719011306763,0.7618365287780762
T102,VF23B_Can_utt1.wav,VF23C_Eng_utt2.wav,VF23B,VF23C,Can,Eng,utt_c1,utt_e2,c1_e2,diff,mixed,0.6738744676113129,0.6587879210710526,0.5489778220653534,0.5730919167399406,0.524660512804985,0.531070226803422,0.6069710478186607,0.5355935581028461,0.6026343628764153,0.5195002853870392,0.5154346888884902,0.5652705878019333,0.4973305631428957,0.5516902841627598,0.465005811303854,0.5343691259622574,0.49126862548291683,0.5312398243695498
T103,VF23B_Can_utt1.wav,VF26A_Eng_utt2.wav,VF23B,VF26A,Can,Eng,utt_c1,utt_e2,c1_e2,diff,mixed,0.5787433311343193,0.5856489017605782,0.560147687792778,0.5719654932618141,0.5657893568277359,0.574484646320343,0.5548843294382095,0.5393440276384354,0.5320139043033123,0.5598543584346771,0.563440352678299,0.5369517542421818,0.5530927702784538,0.5417309328913689,0.5060428907163441,0.5677209049463272,0.5743956565856934,0.5263632126152515
T104,VF23B_Can_utt1.wav,VF32A_Eng_utt2.wav,VF23B,VF32A,Can,Eng,utt_c1,utt_e2,c1_e2,diff,mixed,0.6007120236754417,0.6088860854506493,0.660670205950737,0.6893990635871887,0.5590649507939816,0.573602169752121,0.6001763865351677,0.6007879674434662,0.6300994902849197,0.5388726592063904,0.5510227419435978,0.5442560277879238,0.537010308355093,0.553236473351717,0.5291528701782227,0.5782785564661026,0.5319043770432472,0.5976817235350609
T105,VF23C_Can_utt1.wav,VF23C_Eng_utt2.wav,VF23C,VF23C,Can,Eng,utt_c1,utt_e2,c1_e2,same,mixed,0.8150709271430969,0.8070970177650452,0.759811669588089,0.730866327881813,0.701367974281311,0.6920647919178009,0.7545541822910309,0.7285120338201523,0.7368737608194351,0.6786822229623795,0.6695495098829269,0.7722318768501282,0.6554004997014999,0.7435598075389862,0.6479756087064743,0.6780140399932861,0.7151679843664169,0.7484630942344666
T106,VF23C_Can_utt1.wav,VF26A_Eng_utt2.wav,VF23C,VF26A,Can,Eng,utt_c1,utt_e2,c1_e2,diff,mixed,0.6204312816262245,0.6101988703012466,0.5233007296919823,0.5231149327009916,0.5074006402865052,0.5008731221896596,0.6148529499769211,0.5306195318698883,0.5497404709458351,0.5461154840886593,0.5433644764125347,0.5972273126244545,0.560469139367342,0.5859244540333748,0.5894120708107948,0.4893677541986108,0.4480259381234646,0.46347860246896744
T107,VF23C_Can_utt1.wav,VF32A_Eng_utt2.wav,VF23C,VF32A,Can,Eng,utt_c1,utt_e2,c1_e2,diff,mixed,0.661263570189476,0.6510029882192612,0.6291139274835587,0.6098826006054878,0.5671378970146179,0.5480303056538105,0.6096629500389099,0.5801653936505318,0.5965635403990746,0.5614058896899223,0.5529120080173016,0.594051867723465,0.5394520200788975,0.5750335827469826,0.587003581225872,0.5617224611341953,0.5498371869325638,0.5658167824149132
T108,VF26A_Can_utt1.wav,VF26A_Eng_utt2.wav,VF26A,VF26A,Can,Eng,utt_c1,utt_e2,c1_e2,same,mixed,0.7675405740737915,0.7619485855102539,0.8080875277519226,0.8092035353183746,0.7983328998088837,0.8110120296478271,0.8155212998390198,0.7815702855587006,0.7524154186248779,0.7953427135944366,0.7668954730033875,0.8463324308395386,0.8634909987449646,0.871720552444458,0.9075974822044373,0.7852981686592102,0.8245824873447418,0.8488430380821228
T109,VF26A_Can_utt1.wav,VF32A_Eng_utt2.wav,VF26A,VF32A,Can,Eng,utt_c1,utt_e2,c1_e2,diff,mixed,0.7202775180339813,0.7419367730617523,0.5840627104043961,0.5821119323372841,0.5869600623846054,0.578755334019661,0.648847296833992,0.5924505293369293,0.5705200582742691,0.5918524339795113,0.5615600645542145,0.5993307381868362,0.5796140730381012,0.6615485101938248,0.623930960893631,0.6015693545341492,0.6208031103014946,0.6088310182094574
T110,VF32A_Can_utt1.wav,VF32A_Eng_utt2.wav,VF32A,VF32A,Can,Eng,utt_c1,utt_e2,c1_e2,same,mixed,0.8239786922931671,0.8146606385707855,0.7921669781208038,0.8033810257911682,0.7768191695213318,0.7657979130744934,0.7711537480354309,0.7874351143836975,0.7590089440345764,0.7520397007465363,0.752708375453949,0.8102050423622131,0.7904051840305328,0.8055345416069031,0.8043446242809296,0.7742640674114227,0.7845660746097565,0.7367479652166367
T111,VF19B_Eng_utt1.wav,VF19B_Can_utt2.wav,VF19B,VF19B,Eng,Can,utt_e1,utt_c2,e1_c2,same,mixed,0.789174884557724,0.7876607477664948,0.7612531185150146,0.7516710758209229,0.7965511679649353,0.7788253426551819,0.7712158262729645,0.7705890536308289,0.7606588304042816,0.8061290383338928,0.7871626913547516,0.8011302351951599,0.7889946699142456,0.810701847076416,0.7831621170043945,0.8079787790775299,0.7808834612369537,0.7800678908824921
T112,VF19B_Eng_utt1.wav,VF19D_Can_utt2.wav,VF19B,VF19D,Eng,Can,utt_e1,utt_c2,e1_c2,diff,mixed,0.6761311739683151,0.6554523706436157,0.6285759508609772,0.6197928339242935,0.6396516710519791,0.6255798637866974,0.6087973937392235,0.6292361170053482,0.5971493721008301,0.6079455837607384,0.6021065935492516,0.6412821710109711,0.6330746412277222,0.6051349714398384,0.56468615680933,0.6651058048009872,0.6396158933639526,0.6180234551429749
T113,VF19B_Eng_utt1.wav,VF21A_Can_utt2.wav,VF19B,VF21A,Eng,Can,utt_e1,utt_c2,e1_c2,diff,mixed,0.6072427481412888,0.6046400219202042,0.5700749158859253,0.5717840939760208,0.5866008028388023,0.5708556771278381,0.6085018962621689,0.5424390509724617,0.5693857446312904,0.5649519935250282,0.5652341544628143,0.5562593601644039,0.525007801130414,0.5361916981637478,0.49475313862785697,0.5610417574644089,0.5678006485104561,0.598400168120861
T114,VF19B_Eng_utt1.wav,VF21B_Can_utt2.wav,VF19B,VF21B,Eng,Can,utt_e1,utt_c2,e1_c2,diff,mixed,0.6848693341016769,0.6759507060050964,0.5983483493328094,0.5864644721150398,0.6170333921909332,0.5946884378790855,0.6448459178209305,0.6537238210439682,0.6091893464326859,0.6539612263441086,0.6448628306388855,0.6294202655553818,0.6407664269208908,0.5802194103598595,0.5886438190937042,0.695091113448143,0.6314070969820023,0.6397302150726318
T115,VF19B_Eng_utt1.wav,VF21C_Can_utt2.wav,VF19B,VF21C,Eng,Can,utt_e1,utt_c2,e1_c2,diff,mixed,0.6662968844175339,0.6746281087398529,0.6142248138785362,0.5842178240418434,0.5913238152861595,0.564595066010952,0.6487609148025513,0.590490534901619,0.5696118995547295,0.5925255045294762,0.5954673290252686,0.5620893314480782,0.5931837931275368,0.5441786721348763,0.5610377117991447,0.6188738495111465,0.5909539312124252,0.6206557303667068
T116,VF19B_Eng_utt1.wav,VF21D_Can_utt2.wav,VF19B,VF21D,Eng,Can,utt_e1,utt_c2,e1_c2,diff,mixed,0.6383810937404633,0.6107108220458031,0.5360589511692524,0.5213154703378677,0.5607074908912182,0.5418865792453289,0.6509800851345062,0.5887808054685593,0.5615801773965359,0.5969805866479874,0.6049769744277,0.5730141550302505,0.5758464112877846,0.5266908947378397,0.5119148809462786,0.6606065183877945,0.6171318590641022,0.5432478822767735
T117,VF19B_Eng_utt1.wav,VF23B_Can_utt2.wav,VF19B,VF23B,Eng,Can,utt_e1,utt_c2,e1_c2,diff,mixed,0.6137610748410225,0.6108914688229561,0.6111172437667847,0.6184633523225784,0.6146524399518967,0.6210281476378441,0.599504180252552,0.6108774766325951,0.6287003755569458,0.5980343744158745,0.5857023522257805,0.5621692575514317,0.6091161519289017,0.5692016780376434,0.5864515826106071,0.6142944693565369,0.6660705357789993,0.6014153212308884
T118,VF19B_Eng_utt1.wav,VF23C_Can_utt2.wav,VF19B,VF23C,Eng,Can,utt_e1,utt_c2,e1_c2,diff,mixed,0.6900642663240433,0.6811899095773697,0.527429424226284,0.513459493406117,0.5901151299476624,0.5709187835454941,0.5999543592333794,0.48591537680476904,0.48555199708789587,0.633667379617691,0.6100346222519875,0.5774083137512207,0.5792450979351997,0.5673724561929703,0.5290716737508774,0.6342230886220932,0.6528623551130295,0.6034088805317879
T119,VF19B_Eng_utt1.wav,VF26A_Can_utt2.wav,VF19B,VF26A,Eng,Can,utt_e1,utt_c2,e1_c2,diff,mixed,0.6737700253725052,0.6698539704084396,0.5808516815304756,0.5815430730581284,0.5893212556838989,0.6025055721402168,0.6089594811201096,0.604706846177578,0.5859527289867401,0.5800379812717438,0.5767513737082481,0.5341027081012726,0.5323960073292255,0.5270864348858595,0.5059198243543506,0.6040040925145149,0.570202924311161,0.5726947262883186
T120,VF19B_Eng_utt1.wav,VF32A_Can_utt2.wav,VF19B,VF32A,Eng,Can,utt_e1,utt_c2,e1_c2,diff,mixed,0.7084804624319077,0.7048734426498413,0.6542229503393173,0.6387751400470734,0.6701498925685883,0.654186025261879,0.6211993172764778,0.6534707546234131,0.6259332746267319,0.7012103348970413,0.7122657150030136,0.6676099896430969,0.6257357746362686,0.6441385596990585,0.6215145140886307,0.6793646812438965,0.7357487678527832,0.6164233162999153
T121,VF19D_Eng_utt1.wav,VF19D_Can_utt2.wav,VF19D,VF19D,Eng,Can,utt_e1,utt_c2,e1_c2,same,mixed,0.7972107827663422,0.7650251388549805,0.7826946675777435,0.7636217176914215,0.8013291954994202,0.78005051612854,0.7981821298599243,0.8180837631225586,0.8161420226097107,0.7537055015563965,0.7323918640613556,0.7763845324516296,0.7342332005500793,0.7878897786140442,0.7636860907077789,0.7726642191410065,0.7974322736263275,0.7771573662757874
T122,VF19D_Eng_utt1.wav,VF21A_Can_utt2.wav,VF19D,VF21A,Eng,Can,utt_e1,utt_c2,e1_c2,diff,mixed,0.6437193751335144,0.636950820684433,0.6429090946912766,0.6217716708779335,0.6190280094742775,0.6058440282940865,0.6409805864095688,0.6646035015583038,0.6628373265266418,0.5842791125178337,0.5906666815280914,0.594306081533432,0.5747718140482903,0.6002901718020439,0.5622119195759296,0.5828977003693581,0.5959698706865311,0.5707414001226425
T123,VF19D_Eng_utt1.wav,VF21B_Can_utt2.wav,VF19D,VF21B,Eng,Can,utt_e1,utt_c2,e1_c2,diff,mixed,0.569379486143589,0.5648012235760689,0.624592512845993,0.6076800525188446,0.6553917080163956,0.6375598609447479,0.6300192922353745,0.6622458398342133,0.6426860392093658,0.6266840845346451,0.642786905169487,0.6213226690888405,0.5997794941067696,0.6307787150144577,0.6170782148838043,0.6366812884807587,0.6440183818340302,0.6125987842679024
T124,VF19D_Eng_utt1.wav,VF21C_Can_utt2.wav,VF19D,VF21C,Eng,Can,utt_e1,utt_c2,e1_c2,diff,mixed,0.5904490202665329,0.5989426299929619,0.6344795525074005,0.6022956147789955,0.637665793299675,0.6124787256121635,0.5885091796517372,0.6913291215896606,0.685090959072113,0.6245621517300606,0.6279155015945435,0.6189228370785713,0.6603725701570511,0.6101469397544861,0.6237608194351196,0.6640048623085022,0.6606568545103073,0.6697148531675339
T125,VF19D_Eng_utt1.wav,VF21D_Can_utt2.wav,VF19D,VF21D,Eng,Can,utt_e1,utt_c2,e1_c2,diff,mixed,0.5657823607325554,0.5423064306378365,0.6382982730865479,0.6181485429406166,0.6533181220293045,0.6406078338623047,0.6234764605760574,0.5553231351077557,0.5433709137141705,0.6166133806109428,0.6175315603613853,0.5913184359669685,0.5857672244310379,0.5845211148262024,0.5766439139842987,0.6624754220247269,0.6660779565572739,0.6162690222263336
T126,VF19D_Eng_utt1.wav,VF23B_Can_utt2.wav,VF19D,VF23B,Eng,Can,utt_e1,utt_c2,e1_c2,diff,mixed,0.5645743981003761,0.5600443482398987,0.591600202023983,0.5887762904167175,0.5685669332742691,0.5793873071670532,0.5994959399104118,0.60592882335186,0.6530129164457321,0.4989216506946832,0.5165740419179201,0.5267125368118286,0.5453311428427696,0.5453270897269249,0.524721285328269,0.5505624823272228,0.5825018063187599,0.5190851539373398
T127,VF19D_Eng_utt1.wav,VF23C_Can_utt2.wav,VF19D,VF23C,Eng,Can,utt_e1,utt_c2,e1_c2,diff,mixed,0.6551526337862015,0.6481837034225464,0.5445245429873466,0.5462588369846344,0.5407182611525059,0.5410936549305916,0.5851984322071075,0.6259264200925827,0.6316452771425247,0.5990370362997055,0.6127566918730736,0.5960048958659172,0.5924169421195984,0.6224653124809265,0.605586513876915,0.6280787885189056,0.65488101541996,0.6692215651273727
T128,VF19D_Eng_utt1.wav,VF26A_Can_utt2.wav,VF19D,VF26A,Eng,Can,utt_e1,utt_c2,e1_c2,diff,mixed,0.6407324373722076,0.6333610713481903,0.6355184018611908,0.6316965520381927,0.6594098955392838,0.6677342504262924,0.6382108181715012,0.6052363514900208,0.6130921393632889,0.5985034555196762,0.6025765240192413,0.5874658450484276,0.6026728749275208,0.5974682122468948,0.5768352448940277,0.6296510398387909,0.6322457194328308,0.6408872455358505
T129,VF19D_Eng_utt1.wav,VF32A_Can_utt2.wav,VF19D,VF32A,Eng,Can,utt_e1,utt_c2,e1_c2,diff,mixed,0.7133243083953857,0.7039944976568222,0.6205051019787788,0.6305682957172394,0.7071353197097778,0.7011208385229111,0.7056049704551697,0.6672599613666534,0.6640142649412155,0.6094640344381332,0.5983358025550842,0.622353807091713,0.5939206853508949,0.5953062102198601,0.5652499198913574,0.6012905463576317,0.6246210113167763,0.6139588207006454
T130,VF21A_Eng_utt1.wav,VF21A_Can_utt2.wav,VF21A,VF21A,Eng,Can,utt_e1,utt_c2,e1_c2,same,mixed,0.712477907538414,0.7308429628610611,0.787132054567337,0.7595822215080261,0.7325651496648788,0.7151852250099182,0.6681942492723465,0.7439580857753754,0.7537873983383179,0.7285822331905365,0.7449013888835907,0.7696561217308044,0.7355622202157974,0.7937265634536743,0.8120419979095459,0.7875986397266388,0.7546724677085876,0.7271187156438828
T131,VF21A_Eng_utt1.wav,VF21B_Can_utt2.wav,VF21A,VF21B,Eng,Can,utt_e1,utt_c2,e1_c2,diff,mixed,0.7303975820541382,0.7386371493339539,0.7211325913667679,0.7134953141212463,0.6450753659009933,0.6277359575033188,0.6618581265211105,0.7117528766393661,0.7063251286745071,0.7175169289112091,0.7236668616533279,0.6784404814243317,0.6838276237249374,0.6670852899551392,0.6689413636922836,0.7321555614471436,0.7035501897335052,0.6980632841587067
T132,VF21A_Eng_utt1.wav,VF21C_Can_utt2.wav,VF21A,VF21C,Eng,Can,utt_e1,utt_c2,e1_c2,diff,mixed,0.6291177123785019,0.6545979678630829,0.601242795586586,0.5994015038013458,0.5825477242469788,0.5592884421348572,0.6349115371704102,0.6532478928565979,0.6642095446586609,0.6367475092411041,0.6332817077636719,0.6257099658250809,0.6138027235865593,0.6068873479962349,0.5811923295259476,0.6462249010801315,0.6211062148213387,0.6103691756725311
T133,VF21A_Eng_utt1.wav,VF21D_Can_utt2.wav,VF21A,VF21D,Eng,Can,utt_e1,utt_c2,e1_c2,diff,mixed,0.5762879699468613,0.5534352101385593,0.5824835151433945,0.57227922976017,0.5110934469848871,0.4964254661463201,0.6547272801399231,0.6052492558956146,0.610500268638134,0.6042214632034302,0.6081381812691689,0.5770659074187279,0.5571196228265762,0.5637875497341156,0.5298237483948469,0.6156740859150887,0.5438149534165859,0.5168485622853041
T134,VF21A_Eng_utt1.wav,VF23B_Can_utt2.wav,VF21A,VF23B,Eng,Can,utt_e1,utt_c2,e1_c2,diff,mixed,0.5427577793598175,0.5203607622534037,0.5318060852587223,0.5490056574344635,0.5157132036983967,0.524250403046608,0.5091181490570307,0.5220595933496952,0.5395630523562431,0.4910686342045665,0.5064247958362103,0.5505473911762238,0.4936435134150088,0.5533187389373779,0.5002468066231813,0.497160985134542,0.47848454862833023,0.4946954627521336
T135,VF21A_Eng_utt1.wav,VF23C_Can_utt2.wav,VF21A,VF23C,Eng,Can,utt_e1,utt_c2,e1_c2,diff,mixed,0.7723177373409271,0.7645283043384552,0.6284232437610626,0.6058657392859459,0.6656313240528107,0.6440886557102203,0.6462382227182388,0.6339881420135498,0.6393566429615021,0.6812707185745239,0.6610757112503052,0.6952401399612427,0.6106425300240517,0.6483154445886612,0.5769702345132828,0.6178580746054649,0.6201720684766769,0.6181461289525032
T136,VF21A_Eng_utt1.wav,VF26A_Can_utt2.wav,VF21A,VF26A,Eng,Can,utt_e1,utt_c2,e1_c2,diff,mixed,0.6935960799455643,0.6827834844589233,0.7060043960809708,0.7016294896602631,0.6558535993099213,0.6401940733194351,0.6637317985296249,0.674787849187851,0.6735520213842392,0.6459524035453796,0.6384569704532623,0.6574984788894653,0.6576399058103561,0.6293218582868576,0.6103888377547264,0.6593166142702103,0.611253909766674,0.661907821893692
T137,VF21A_Eng_utt1.wav,VF32A_Can_utt2.wav,VF21A,VF32A,Eng,Can,utt_e1,utt_c2,e1_c2,diff,mixed,0.6695831418037415,0.6641323566436768,0.6625248789787292,0.666022926568985,0.6780044138431549,0.6534818559885025,0.6485518515110016,0.6835996806621552,0.6751092374324799,0.620186485350132,0.6210994347929955,0.6056557446718216,0.5577209144830704,0.5589406490325928,0.5476119220256805,0.6137706339359283,0.5527698509395123,0.6053992509841919
T138,VF21B_Eng_utt1.wav,VF21B_Can_utt2.wav,VF21B,VF21B,Eng,Can,utt_e1,utt_c2,e1_c2,same,mixed,0.8564755916595459,0.8652060329914093,0.7903681695461273,0.7869836091995239,0.805550217628479,0.7847491502761841,0.7897647619247437,0.80034539103508,0.7675309777259827,0.8247216045856476,0.8160477876663208,0.8397345542907715,0.801513284444809,0.8650570213794708,0.8218229711055756,0.8125149607658386,0.8480674922466278,0.8310940861701965
T139,VF21B_Eng_utt1.wav,VF21C_Can_utt2.wav,VF21B,VF21C,Eng,Can,utt_e1,utt_c2,e1_c2,diff,mixed,0.671964555978775,0.6763026714324951,0.6935580223798752,0.6743221133947372,0.7520739436149597,0.7245112806558609,0.7679309844970703,0.7102117836475372,0.7226749360561371,0.6923348605632782,0.6768530458211899,0.6646318584680557,0.631448969244957,0.6733272969722748,0.6504381597042084,0.6848559677600861,0.6613946408033371,0.6811623722314835
T140,VF21B_Eng_utt1.wav,VF21D_Can_utt2.wav,VF21B,VF21D,Eng,Can,utt_e1,utt_c2,e1_c2,diff,mixed,0.6348314136266708,0.6153750270605087,0.667849987745285,0.6546511203050613,0.6695100963115692,0.6567065566778183,0.7348943948745728,0.6151466593146324,0.5802275165915489,0.6157231479883194,0.6120035350322723,0.6395939588546753,0.6351658403873444,0.6320212781429291,0.5797989815473557,0.6517157405614853,0.6320424675941467,0.6147787496447563
T141,VF21B_Eng_utt1.wav,VF23B_Can_utt2.wav,VF21B,VF23B,Eng,Can,utt_e1,utt_c2,e1_c2,diff,mixed,0.49302510963752866,0.4870228907093406,0.4836536552757025,0.47186654806137085,0.5138444351032376,0.5162212233990431,0.5244513228535652,0.470510920509696,0.5262462869286537,0.4211531728506088,0.4281935840845108,0.5098081910982728,0.48081693798303604,0.523820674046874,0.4998877842663205,0.5239986721426249,0.4912328626960516,0.4846436707302928
T142,VF21B_Eng_utt1.wav,VF23C_Can_utt2.wav,VF21B,VF23C,Eng,Can,utt_e1,utt_c2,e1_c2,diff,mixed,0.6844092309474945,0.6769575327634811,0.5492192022502422,0.5418621636927128,0.5661598369479179,0.5714293345808983,0.6413724571466446,0.6068206205964088,0.6348831057548523,0.6210757046937943,0.6065639033913612,0.6145668104290962,0.5498684719204903,0.6112542748451233,0.58403280377388,0.6096781715750694,0.6076337695121765,0.5674716532230377
T143,VF21B_Eng_utt1.wav,VF26A_Can_utt2.wav,VF21B,VF26A,Eng,Can,utt_e1,utt_c2,e1_c2,diff,mixed,0.6613991558551788,0.658460259437561,0.5730900466442108,0.5891933292150497,0.5851454436779022,0.6069721132516861,0.6142936870455742,0.6012318655848503,0.6138766556978226,0.5551270395517349,0.5576286539435387,0.6062010005116463,0.5943184196949005,0.5795250609517097,0.5566452369093895,0.5966402217745781,0.5980939418077469,0.6228382512927055
T144,VF21B_Eng_utt1.wav,VF32A_Can_utt2.wav,VF21B,VF32A,Eng,Can,utt_e1,utt_c2,e1_c2,diff,mixed,0.6138664186000824,0.6216436102986336,0.6109034642577171,0.6070835590362549,0.6798065453767776,0.6803343594074249,0.6193457543849945,0.6442023068666458,0.6374401897192001,0.5803016349673271,0.5696777701377869,0.5945569947361946,0.5545224249362946,0.5685930997133255,0.560112651437521,0.6060160174965858,0.6089722737669945,0.6016973927617073
T145,VF21C_Eng_utt1.wav,VF21C_Can_utt2.wav,VF21C,VF21C,Eng,Can,utt_e1,utt_c2,e1_c2,same,mixed,0.7114014476537704,0.7186555117368698,0.7954224944114685,0.777667224407196,0.7789242267608643,0.7515197098255157,0.7259566485881805,0.7569631040096283,0.7560946345329285,0.8187008202075958,0.8179726004600525,0.8340038955211639,0.8370429575443268,0.8553655445575714,0.8637337684631348,0.8098164200782776,0.7975566983222961,0.8026930391788483
T146,VF21C_Eng_utt1.wav,VF21D_Can_utt2.wav,VF21C,VF21D,Eng,Can,utt_e1,utt_c2,e1_c2,diff,mixed,0.5798495411872864,0.5678370743989944,0.6607770770788193,0.6447751522064209,0.6490600556135178,0.6282227039337158,0.6936981081962585,0.5955723002552986,0.6026111990213394,0.625640019774437,0.6176420077681541,0.5607260465621948,0.5767819061875343,0.5931361094117165,0.6005579009652138,0.5907726958394051,0.5822365805506706,0.5501417368650436
T147,VF21C_Eng_utt1.wav,VF23B_Can_utt2.wav,VF21C,VF23B,Eng,Can,utt_e1,utt_c2,e1_c2,diff,mixed,0.5636341124773026,0.5505460724234581,0.47146995924413204,0.48236879147589207,0.5001204151121783,0.4891444370150566,0.5853443220257759,0.4503869414329529,0.46885952539741993,0.4653416834771633,0.45438408106565475,0.4960781610570848,0.5033672614954412,0.5040710712783039,0.4903970630839467,0.5168202072381973,0.5221123993396759,0.4888105131685734
T148,VF21C_Eng_utt1.wav,VF23C_Can_utt2.wav,VF21C,VF23C,Eng,Can,utt_e1,utt_c2,e1_c2,diff,mixed,0.702833741903305,0.6949983239173889,0.5967772752046585,0.5927593782544136,0.5703127384185791,0.5615947991609573,0.6110973134636879,0.6018145531415939,0.6281774342060089,0.6493247151374817,0.6291425824165344,0.6767739355564117,0.637093186378479,0.6729587763547897,0.6492411494255066,0.5905458629131317,0.6423224955797195,0.5835333466529846
T149,VF21C_Eng_utt1.wav,VF26A_Can_utt2.wav,VF21C,VF26A,Eng,Can,utt_e1,utt_c2,e1_c2,diff,mixed,0.6848338097333908,0.6960807144641876,0.582142561674118,0.5876642391085625,0.6235709264874458,0.6563854813575745,0.5995133966207504,0.615747943520546,0.6205901131033897,0.6374067217111588,0.6489477306604385,0.621410682797432,0.6094178631901741,0.6122376844286919,0.6141018271446228,0.5791070759296417,0.6061339229345322,0.5807852819561958
T150,VF21C_Eng_utt1.wav,VF32A_Can_utt2.wav,VF21C,VF32A,Eng,Can,utt_e1,utt_c2,e1_c2,diff,mixed,0.6350575834512711,0.6340555399656296,0.6114443242549896,0.61366356164217,0.666128933429718,0.6604858785867691,0.647941991686821,0.6297363638877869,0.6100270301103592,0.6217278763651848,0.6114582940936089,0.588093139231205,0.5769794061779976,0.6050082668662071,0.5973264127969742,0.5699952766299248,0.5504685454070568,0.5705242455005646
T151,VF21D_Eng_utt1.wav,VF21D_Can_utt2.wav,VF21D,VF21D,Eng,Can,utt_e1,utt_c2,e1_c2,same,mixed,0.7020725905895233,0.6940145641565323,0.7445902675390244,0.7436240315437317,0.7749721109867096,0.7591198682785034,0.8037855327129364,0.7443790137767792,0.735555499792099,0.7374557256698608,0.7388615906238556,0.7852323949337006,0.7652438879013062,0.8058030307292938,0.7415561676025391,0.7376975268125534,0.7406485080718994,0.7332258373498917
T152,VF21D_Eng_utt1.wav,VF23B_Can_utt2.wav,VF21D,VF23B,Eng,Can,utt_e1,utt_c2,e1_c2,diff,mixed,0.5388223528862,0.5210136156529188,0.49784698779694736,0.5005017186631449,0.5478578582406044,0.5402566604316235,0.5572105869650841,0.4990105504402891,0.5286816749721766,0.483590105548501,0.477089274674654,0.5731215476989746,0.5567072182893753,0.5844752937555313,0.5332817994058132,0.5026422010269016,0.5624711439013481,0.48476919531822205
T153,VF21D_Eng_utt1.wav,VF23C_Can_utt2.wav,VF21D,VF23C,Eng,Can,utt_e1,utt_c2,e1_c2,diff,mixed,0.6004071980714798,0.5608626902103424,0.5383450426161289,0.5256158635020256,0.483645660802722,0.4489467106759548,0.5736359059810638,0.5725093260407448,0.5487590171396732,0.599337987601757,0.5679783150553703,0.6019962206482887,0.5807583406567574,0.611637070775032,0.5794232338666916,0.5939683765172958,0.63811194896698,0.6158975660800934
T154,VF21D_Eng_utt1.wav,VF26A_Can_utt2.wav,VF21D,VF26A,Eng,Can,utt_e1,utt_c2,e1_c2,diff,mixed,0.6682378053665161,0.6623231321573257,0.6282251328229904,0.6094264686107635,0.5739797502756119,0.5350832380354404,0.6695618480443954,0.649216428399086,0.634522020816803,0.5694545060396194,0.5668557062745094,0.666785329580307,0.6025616899132729,0.6434803009033203,0.616700068116188,0.5943628773093224,0.5249791536480188,0.6220024302601814
T155,VF21D_Eng_utt1.wav,VF32A_Can_utt2.wav,VF21D,VF32A,Eng,Can,utt_e1,utt_c2,e1_c2,diff,mixed,0.6717111468315125,0.6633991450071335,0.5838039368391037,0.5420461222529411,0.6073280721902847,0.5701761841773987,0.6447621136903763,0.6975037455558777,0.6508170366287231,0.6307981163263321,0.6031446754932404,0.6989279985427856,0.6932066828012466,0.6975687444210052,0.6763310432434082,0.5761069133877754,0.6807409375905991,0.6613028794527054
T156,VF23B_Eng_utt1.wav,VF23B_Can_utt2.wav,VF23B,VF23B,Eng,Can,utt_e1,utt_c2,e1_c2,same,mixed,0.6589374989271164,0.6707472056150436,0.7635583281517029,0.7527856528759003,0.69486203789711,0.6895722001791,0.6878961473703384,0.7217580527067184,0.7414893358945847,0.6966051608324051,0.703442320227623,0.6784878075122833,0.6988066136837006,0.7516845762729645,0.6785749197006226,0.6728575825691223,0.6889715939760208,0.6729893684387207
T157,VF23B_Eng_utt1.wav,VF23C_Can_utt2.wav,VF23B,VF23C,Eng,Can,utt_e1,utt_c2,e1_c2,diff,mixed,0.7033302038908005,0.7076214700937271,0.7052193284034729,0.6861429810523987,0.6472962945699692,0.6314070075750351,0.6434229165315628,0.6890699118375778,0.6496777087450027,0.6149884164333344,0.5910820290446281,0.6002659648656845,0.5895853415131569,0.6447419375181198,0.5848585814237595,0.5603971220552921,0.5985741764307022,0.6241110786795616
T158,VF23B_Eng_utt1.wav,VF26A_Can_utt2.wav,VF23B,VF26A,Eng,Can,utt_e1,utt_c2,e1_c2,diff,mixed,0.605460911989212,0.6133368089795113,0.522846294566989,0.5156175876036286,0.4673457108438015,0.4779783543199301,0.5229564644396305,0.5345685891807079,0.514003754593432,0.4896573731675744,0.4926476269029081,0.5487585142254829,0.554321575909853,0.5753119885921478,0.5176357068121433,0.5070856944657862,0.5117578897625208,0.5362284630537033
T159,VF23B_Eng_utt1.wav,VF32A_Can_utt2.wav,VF23B,VF32A,Eng,Can,utt_e1,utt_c2,e1_c2,diff,mixed,0.7041053026914597,0.7019356489181519,0.5805479139089584,0.5698108375072479,0.5339242219924927,0.5280298460274935,0.612666442990303,0.5777364000678062,0.5746635943651199,0.5981177911162376,0.5872103869915009,0.601083979010582,0.6109997481107712,0.5961345508694649,0.5755385756492615,0.5744714811444283,0.6191004812717438,0.5768960416316986
T160,VF23C_Eng_utt1.wav,VF23C_Can_utt2.wav,VF23C,VF23C,Eng,Can,utt_e1,utt_c2,e1_c2,same,mixed,0.7544660866260529,0.7486620843410492,0.6692788451910019,0.6421142220497131,0.6723629236221313,0.6415784507989883,0.6499037742614746,0.6902738660573959,0.7014473229646683,0.7021097391843796,0.6958344429731369,0.727286621928215,0.7175320386886597,0.7462037950754166,0.7185212224721909,0.6799523085355759,0.6931554526090622,0.7493856847286224
T161,VF23C_Eng_utt1.wav,VF26A_Can_utt2.wav,VF23C,VF26A,Eng,Can,utt_e1,utt_c2,e1_c2,diff,mixed,0.6293476521968842,0.6232293546199799,0.5215751156210899,0.5378368832170963,0.49687837320379913,0.49128338042646646,0.48728426918387413,0.49582726787775755,0.4883906962350011,0.5095155509188771,0.5132977664470673,0.5548684597015381,0.5098597519099712,0.5616854429244995,0.5308004301041365,0.4814486298710108,0.47990588657557964,0.5241508483886719
T162,VF23C_Eng_utt1.wav,VF32A_Can_utt2.wav,VF23C,VF32A,Eng,Can,utt_e1,utt_c2,e1_c2,diff,mixed,0.6897886544466019,0.7019321471452713,0.5558089315891266,0.5599652230739594,0.5846624672412872,0.5847137123346329,0.5664308443665504,0.5519451536238194,0.5792686343193054,0.627471849322319,0.6195013076066971,0.5771434009075165,0.5708155706524849,0.5789593607187271,0.5493148192763329,0.534589447081089,0.5827945917844772,0.5549986772239208
T163,VF26A_Eng_utt1.wav,VF26A_Can_utt2.wav,VF26A,VF26A,Eng,Can,utt_e1,utt_c2,e1_c2,same,mixed,0.7660530507564545,0.7613901495933533,0.7863015532493591,0.7702417373657227,0.802105039358139,0.785502016544342,0.7764999270439148,0.7740001976490021,0.7719357311725616,0.7435501217842102,0.748339831829071,0.7844559252262115,0.8162974417209625,0.8028081059455872,0.8255979716777802,0.7667267024517059,0.7585279047489166,0.7960068881511688
T164,VF26A_Eng_utt1.wav,VF32A_Can_utt2.wav,VF26A,VF32A,Eng,Can,utt_e1,utt_c2,e1_c2,diff,mixed,0.6917348206043243,0.6836572587490082,0.5972653552889824,0.611583523452282,0.6214779764413834,0.616385743021965,0.6986880302429199,0.6286878436803818,0.5858165249228477,0.6270373910665512,0.6133547946810722,0.6534354835748672,0.6437833607196808,0.6875783503055573,0.70795938372612,0.5935515761375427,0.6038425415754318,0.6382961869239807
T165,VF32A_Eng_utt1.wav,VF32A_Can_utt2.wav,VF32A,VF32A,Eng,Can,utt_e1,utt_c2,e1_c2,same,mixed,0.8167776465415955,0.8140286207199097,0.7234735190868378,0.6805697232484818,0.7944269180297852,0.7912096083164215,0.7812346518039703,0.7872353494167328,0.7660216391086578,0.8024885058403015,0.7992682754993439,0.8217910528182983,0.8103850483894348,0.8385756313800812,0.8114311695098877,0.7786507308483124,0.8198836743831635,0.7870258986949921
T166,VF19B_Eng_utt1.wav,VF19B_Eng_utt2.wav,VF19B,VF19B,Eng,Eng,utt_e1,utt_e2,e1_e2,same,eng,0.8431234955787659,0.8337727189064026,0.8428188562393188,0.8403126001358032,0.7689369320869446,0.7531214952468872,0.789537101984024,0.7761506736278534,0.7835579216480255,0.8339162468910217,0.8249565958976746,0.8416138291358948,0.7989007532596588,0.8814454972743988,0.8665479719638824,0.8084505498409271,0.8112221658229828,0.8314855694770813
T167,VF19B_Eng_utt1.wav,VF19D_Eng_utt2.wav,VF19B,VF19D,Eng,Eng,utt_e1,utt_e2,e1_e2,diff,eng,0.7281710803508759,0.7234958559274673,0.6256594955921173,0.6052299365401268,0.5815498009324074,0.5562014952301979,0.6256012171506882,0.629550889134407,0.6204289123415947,0.6101894602179527,0.6184850186109543,0.6266862750053406,0.6057915315032005,0.6520722955465317,0.619760625064373,0.6346032023429871,0.5828435271978378,0.614515982568264
T168,VF19B_Eng_utt1.wav,VF21A_Eng_utt2.wav,VF19B,VF21A,Eng,Eng,utt_e1,utt_e2,e1_e2,diff,eng,0.7248889356851578,0.7277912348508835,0.6691587418317795,0.6652171611785889,0.6962711811065674,0.6738408207893372,0.6556928753852844,0.6110311523079872,0.6208331137895584,0.6607450395822525,0.6637875735759735,0.618265226483345,0.58517786860466,0.6432682275772095,0.5852468088269234,0.6704196631908417,0.5994133055210114,0.6805055737495422
T169,VF19B_Eng_utt1.wav,VF21B_Eng_utt2.wav,VF19B,VF21B,Eng,Eng,utt_e1,utt_e2,e1_e2,diff,eng,0.746726006269455,0.7419884502887726,0.6846519559621811,0.6695282608270645,0.662812277674675,0.6535610407590866,0.6794538795948029,0.681832954287529,0.670944333076477,0.6352519392967224,0.6345718801021576,0.6769418269395828,0.639840617775917,0.6549529731273651,0.6488555073738098,0.6502716690301895,0.6096382513642311,0.6807165890932083
T170,VF19B_Eng_utt1.wav,VF21C_Eng_utt2.wav,VF19B,VF21C,Eng,Eng,utt_e1,utt_e2,e1_e2,diff,eng,0.6433172672986984,0.641927033662796,0.6461463272571564,0.638285830616951,0.6511897593736649,0.6473922282457352,0.621687263250351,0.6734097748994827,0.6433166116476059,0.6378363370895386,0.6679971665143967,0.5963565334677696,0.5838477164506912,0.596519835293293,0.581705279648304,0.6133595854043961,0.6038330718874931,0.5871881693601608
T171,VF19B_Eng_utt1.wav,VF21D_Eng_utt2.wav,VF19B,VF21D,Eng,Eng,utt_e1,utt_e2,e1_e2,diff,eng,0.6833274066448212,0.6599311679601669,0.6350541114807129,0.6195060089230537,0.6562696099281311,0.6530159562826157,0.6864019185304642,0.5898256078362465,0.5578910186886787,0.6145568117499352,0.6368818134069443,0.646877333521843,0.6312643140554428,0.6212156042456627,0.6197607889771461,0.6373937577009201,0.6484053581953049,0.6029161661863327
T172,VF19B_Eng_utt1.wav,VF23B_Eng_utt2.wav,VF19B,VF23B,Eng,Eng,utt_e1,utt_e2,e1_e2,diff,eng,0.7667952179908752,0.7611670792102814,0.6808408349752426,0.6728127747774124,0.6564749032258987,0.6303300708532333,0.6496010571718216,0.6303585320711136,0.6006240099668503,0.6729330718517303,0.6535533368587494,0.6716770827770233,0.6831391155719757,0.678706556558609,0.6571227610111237,0.6478450447320938,0.6655872166156769,0.642144650220871
T173,VF19B_Eng_utt1.wav,VF23C_Eng_utt2.wav,VF19B,VF23C,Eng,Eng,utt_e1,utt_e2,e1_e2,diff,eng,0.721980631351471,0.6871714442968369,0.5387084856629372,0.5410453267395496,0.5315865613520145,0.5046175350435078,0.58460783213377,0.4758646972477436,0.4629513695836067,0.5496461093425751,0.5561227910220623,0.5823132321238518,0.5286824312061071,0.5499811880290508,0.44205502420663834,0.5333357714116573,0.5753990262746811,0.5323657877743244
T174,VF19B_Eng_utt1.wav,VF26A_Eng_utt2.wav,VF19B,VF26A,Eng,Eng,utt_e1,utt_e2,e1_e2,diff,eng,0.6846044212579727,0.6775655001401901,0.5949967727065086,0.5778758674860001,0.5814511254429817,0.5679696127772331,0.6416734606027603,0.6320070177316666,0.6019800379872322,0.6439201235771179,0.6370564848184586,0.6248872727155685,0.5846913233399391,0.5751306116580963,0.552270594984293,0.6111919060349464,0.5904580503702164,0.5591977871954441
T175,VF19B_Eng_utt1.wav,VF32A_Eng_utt2.wav,VF19B,VF32A,Eng,Eng,utt_e1,utt_e2,e1_e2,diff,eng,0.761934220790863,0.7512013912200928,0.7122146636247635,0.7122749090194702,0.7040454745292664,0.6917523741722107,0.7177915424108505,0.675788089632988,0.6626917272806168,0.707833468914032,0.7103992849588394,0.7190577834844589,0.6767721176147461,0.7106850445270538,0.6617422103881836,0.7068543285131454,0.6570454388856888,0.6734334379434586
T176,VF19D_Eng_utt1.wav,VF19D_Eng_utt2.wav,VF19D,VF19D,Eng,Eng,utt_e1,utt_e2,e1_e2,same,eng,0.8538769781589508,0.8644608557224274,0.8834858238697052,0.8889713287353516,0.8778546452522278,0.8773655593395233,0.8557495474815369,0.8707141280174255,0.8632987141609192,0.8895197808742523,0.8812804222106934,0.9111230969429016,0.8819308578968048,0.910964846611023,0.8654382228851318,0.8550417721271515,0.8706554174423218,0.8667328059673309
T177,VF19D_Eng_utt1.wav,VF21A_Eng_utt2.wav,VF19D,VF21A,Eng,Eng,utt_e1,utt_e2,e1_e2,diff,eng,0.6672883778810501,0.6620723903179169,0.6472391188144684,0.634856253862381,0.630427747964859,0.6258223950862885,0.586257129907608,0.6697750091552734,0.6647081077098846,0.6354918479919434,0.6392210125923157,0.6469499319791794,0.6507883816957474,0.6607798486948013,0.6333879977464676,0.6241738945245743,0.6712813824415207,0.7030499428510666
T178,VF19D_Eng_utt1.wav,VF21B_Eng_utt2.wav,VF19D,VF21B,Eng,Eng,utt_e1,utt_e2,e1_e2,diff,eng,0.6886162459850311,0.6844292432069778,0.7261624187231064,0.7136513739824295,0.7217346876859665,0.7100484222173691,0.7185840755701065,0.7334113717079163,0.7372786104679108,0.7014520615339279,0.7146097719669342,0.6952898502349854,0.6678460836410522,0.67433962225914,0.6456625312566757,0.7054948657751083,0.6885269433259964,0.6747501641511917
T179,VF19D_Eng_utt1.wav,VF21C_Eng_utt2.wav,VF19D,VF21C,Eng,Eng,utt_e1,utt_e2,e1_e2,diff,eng,0.5549580156803131,0.5512383207678795,0.6320275664329529,0.6138680204749107,0.6735036075115204,0.6627366691827774,0.6089282631874084,0.6655239015817642,0.6651943773031235,0.6118499115109444,0.6222647875547409,0.6461552977561951,0.6548103988170624,0.640162467956543,0.6321715265512466,0.6627782583236694,0.6403533816337585,0.6262029409408569
T180,VF19D_Eng_utt1.wav,VF21D_Eng_utt2.wav,VF19D,VF21D,Eng,Eng,utt_e1,utt_e2,e1_e2,diff,eng,0.5657224729657173,0.5380495265126228,0.5600561425089836,0.5417833998799324,0.5829853713512421,0.5703605562448502,0.5996958464384079,0.5527341663837433,0.549255795776844,0.5558085925877094,0.5614235289394855,0.5633051916956902,0.5486433804035187,0.5428560748696327,0.5339125320315361,0.6241845935583115,0.6327668279409409,0.5918784961104393
T181,VF19D_Eng_utt1.wav,VF23B_Eng_utt2.wav,VF19D,VF23B,Eng,Eng,utt_e1,utt_e2,e1_e2,diff,eng,0.6970323920249939,0.6995224207639694,0.6343664675951004,0.6509198695421219,0.6548537313938141,0.6525799334049225,0.6402780413627625,0.6334653049707413,0.6344166249036789,0.5829505175352097,0.5840104669332504,0.6651306301355362,0.6552881896495819,0.6443245112895966,0.6128096878528595,0.5859979093074799,0.6405976712703705,0.6101928055286407
T182,VF19D_Eng_utt1.wav,VF23C_Eng_utt2.wav,VF19D,VF23C,Eng,Eng,utt_e1,utt_e2,e1_e2,diff,eng,0.6828066259622574,0.6582052260637283,0.5965072363615036,0.6135338023304939,0.6149083599448204,0.6166566237807274,0.6345575153827667,0.6217919364571571,0.6354369670152664,0.6125877723097801,0.5997377187013626,0.6019115224480629,0.5835931748151779,0.6233525052666664,0.5736788585782051,0.6080992668867111,0.6419830471277237,0.6400519162416458
T183,VF19D_Eng_utt1.wav,VF26A_Eng_utt2.wav,VF19D,VF26A,Eng,Eng,utt_e1,utt_e2,e1_e2,diff,eng,0.6422325223684311,0.6285000592470169,0.6165928840637207,0.5970287546515465,0.6900151371955872,0.6803357303142548,0.6613905727863312,0.6305495202541351,0.6090141609311104,0.6246146038174629,0.6095142662525177,0.6250320672988892,0.6348845213651657,0.5931405425071716,0.6019907668232918,0.6367875337600708,0.5835078582167625,0.5592377074062824
T184,VF19D_Eng_utt1.wav,VF32A_Eng_utt2.wav,VF19D,VF32A,Eng,Eng,utt_e1,utt_e2,e1_e2,diff,eng,0.6608943343162537,0.6623424291610718,0.6703991889953613,0.660030409693718,0.701604813337326,0.690549448132515,0.7203962355852127,0.6848838180303574,0.6930171400308609,0.6662656962871552,0.6543518453836441,0.696818083524704,0.6602071821689606,0.6755397468805313,0.645111694931984,0.6307700872421265,0.6155021786689758,0.6357312649488449
T185,VF21A_Eng_utt1.wav,VF21A_Eng_utt2.wav,VF21A,VF21A,Eng,Eng,utt_e1,utt_e2,e1_e2,same,eng,0.8391949236392975,0.8337898254394531,0.83193439245224,0.8334768712520599,0.8128859996795654,0.7896826267242432,0.819817841053009,0.7664177417755127,0.779481440782547,0.8259623348712921,0.8045468628406525,0.8666805624961853,0.7973253130912781,0.8684573471546173,0.8322123289108276,0.8096460998058319,0.7755319476127625,0.79663947224617
T186,VF21A_Eng_utt1.wav,VF21B_Eng_utt2.wav,VF21A,VF21B,Eng,Eng,utt_e1,utt_e2,e1_e2,diff,eng,0.7240828275680542,0.7363234162330627,0.6857877969741821,0.6871823966503143,0.6447460800409317,0.6175457537174225,0.6923898607492447,0.6733768135309219,0.6968184411525726,0.6916767507791519,0.6795130223035812,0.7021583616733551,0.6764682531356812,0.6500227600336075,0.5929697677493095,0.7355429977178574,0.6461646258831024,0.699906513094902
T187,VF21A_Eng_utt1.wav,VF21C_Eng_utt2.wav,VF21A,VF21C,Eng,Eng,utt_e1,utt_e2,e1_e2,diff,eng,0.6191372126340866,0.608939029276371,0.688696876168251,0.7020913511514664,0.6765622496604919,0.6531088799238205,0.6415612548589706,0.693238377571106,0.7031298130750656,0.6680487245321274,0.6770040839910507,0.7067636847496033,0.6599330604076385,0.6759414523839951,0.6294500082731247,0.6905512511730194,0.692684605717659,0.6450258493423462
T188,VF21A_Eng_utt1.wav,VF21D_Eng_utt2.wav,VF21A,VF21D,Eng,Eng,utt_e1,utt_e2,e1_e2,diff,eng,0.665991798043251,0.636491447687149,0.603516511619091,0.6068050414323807,0.6342396289110184,0.6346828192472458,0.6616066247224808,0.570930689573288,0.5662479773163795,0.5327160768210888,0.5381817780435085,0.589763693511486,0.4953380050137639,0.5736946314573288,0.48391067795455456,0.5969470739364624,0.539891179651022,0.606580339372158
T189,VF21A_Eng_utt1.wav,VF23B_Eng_utt2.wav,VF21A,VF23B,Eng,Eng,utt_e1,utt_e2,e1_e2,diff,eng,0.7104432880878448,0.7119472026824951,0.5861039534211159,0.5984281823039055,0.6149377450346947,0.6022675856947899,0.5742460563778877,0.5227396972477436,0.5111612901091576,0.544686533510685,0.5409917011857033,0.6265981197357178,0.5711498633027077,0.5979857742786407,0.5586466826498508,0.582758404314518,0.5820592418313026,0.606285884976387
T190,VF21A_Eng_utt1.wav,VF23C_Eng_utt2.wav,VF21A,VF23C,Eng,Eng,utt_e1,utt_e2,e1_e2,diff,eng,0.7368827313184738,0.7141608893871307,0.5681927800178528,0.5578005090355873,0.5934068188071251,0.5631317421793938,0.6678134351968765,0.5406564325094223,0.5744837671518326,0.5556931048631668,0.5320550389587879,0.6543250232934952,0.5092974184080958,0.6286324262619019,0.5515256151556969,0.5398513898253441,0.562857024371624,0.5444933660328388
T191,VF21A_Eng_utt1.wav,VF26A_Eng_utt2.wav,VF21A,VF26A,Eng,Eng,utt_e1,utt_e2,e1_e2,diff,eng,0.6912096440792084,0.681524008512497,0.6388094425201416,0.6411259919404984,0.6322285979986191,0.6058293879032135,0.6672419458627701,0.638202965259552,0.6313218772411346,0.6374353021383286,0.6250449866056442,0.6518415808677673,0.6224318295717239,0.5721150189638138,0.5786400884389877,0.6041845753788948,0.547906506806612,0.6001758798956871
T192,VF21A_Eng_utt1.wav,VF32A_Eng_utt2.wav,VF21A,VF32A,Eng,Eng,utt_e1,utt_e2,e1_e2,diff,eng,0.7065180689096451,0.6951007843017578,0.6783206313848495,0.6704610139131546,0.7266344428062439,0.6909330189228058,0.662428081035614,0.6969206482172012,0.7046916335821152,0.6381155848503113,0.621688149869442,0.7041938155889511,0.6426138132810593,0.640252098441124,0.5992502868175507,0.6732072979211807,0.6270139813423157,0.6790554970502853
T193,VF21B_Eng_utt1.wav,VF21B_Eng_utt2.wav,VF21B,VF21B,Eng,Eng,utt_e1,utt_e2,e1_e2,same,eng,0.8507493436336517,0.8531151115894318,0.8805836141109467,0.8648646473884583,0.8573584854602814,0.8511333465576172,0.8368692696094513,0.8578652739524841,0.8513588011264801,0.8669851422309875,0.8527897298336029,0.893625020980835,0.851214736700058,0.9140807390213013,0.8668158948421478,0.8665398359298706,0.8645446002483368,0.850025087594986
T194,VF21B_Eng_utt1.wav,VF21C_Eng_utt2.wav,VF21B,VF21C,Eng,Eng,utt_e1,utt_e2,e1_e2,diff,eng,0.6720380932092667,0.667098730802536,0.7185756415128708,0.7126466631889343,0.7195823937654495,0.7065403461456299,0.7613568305969238,0.6695242673158646,0.6720549613237381,0.6728920489549637,0.6598923951387405,0.7069871723651886,0.6518281698226929,0.703730508685112,0.7077349722385406,0.6845927536487579,0.6963272094726562,0.6523967832326889
T195,VF21B_Eng_utt1.wav,VF21D_Eng_utt2.wav,VF21B,VF21D,Eng,Eng,utt_e1,utt_e2,e1_e2,diff,eng,0.6986365765333176,0.6643180251121521,0.5990376994013786,0.5931570902466774,0.6124923601746559,0.5880376026034355,0.7320118844509125,0.6175522357225418,0.6263748109340668,0.5945541560649872,0.5779634714126587,0.6039507836103439,0.5585744976997375,0.6306156814098358,0.5957587584853172,0.6042568907141685,0.5862954705953598,0.5774388238787651
T196,VF21B_Eng_utt1.wav,VF23B_Eng_utt2.wav,VF21B,VF23B,Eng,Eng,utt_e1,utt_e2,e1_e2,diff,eng,0.6470295786857605,0.6702418029308319,0.602136105298996,0.5993678867816925,0.5756163522601128,0.5576600283384323,0.5731693431735039,0.5188049022108316,0.5596397258341312,0.4883495196700096,0.49608187144622207,0.5825792402029037,0.5622230805456638,0.6139819175004959,0.5957684740424156,0.5693096593022346,0.5615783184766769,0.5567976757884026
T197,VF21B_Eng_utt1.wav,VF23C_Eng_utt2.wav,VF21B,VF23C,Eng,Eng,utt_e1,utt_e2,e1_e2,diff,eng,0.6125246435403824,0.5985546037554741,0.5128959296271205,0.5254756063222885,0.5415280349552631,0.5436239093542099,0.6194225400686264,0.5503774136304855,0.5923167839646339,0.5237918011844158,0.5167518462985754,0.5287177748978138,0.4290918558835983,0.5079850777983665,0.4471985921263695,0.5228448379784822,0.5310783628374338,0.5002769734128378
T198,VF21B_Eng_utt1.wav,VF26A_Eng_utt2.wav,VF21B,VF26A,Eng,Eng,utt_e1,utt_e2,e1_e2,diff,eng,0.621162436902523,0.6264169216156006,0.5908542945981026,0.5648394525051117,0.5829918310046196,0.5767887756228447,0.6373106688261032,0.5834473818540573,0.5784822478890419,0.5349542982876301,0.5236562974750996,0.5959558635950089,0.5758339315652847,0.58164843916893,0.5833023115992546,0.5482589267194271,0.5340895019471645,0.5249258205294609
T199,VF21B_Eng_utt1.wav,VF32A_Eng_utt2.wav,VF21B,VF32A,Eng,Eng,utt_e1,utt_e2,e1_e2,diff,eng,0.6175553649663925,0.6185998469591141,0.6521636992692947,0.6290793865919113,0.6616944670677185,0.6458375453948975,0.6693367958068848,0.6219605356454849,0.6284038871526718,0.5918142572045326,0.5780491605401039,0.6169168278574944,0.5567644201219082,0.6065493226051331,0.5692095160484314,0.5562279261648655,0.5541520304977894,0.5900527387857437
T200,VF21C_Eng_utt1.wav,VF21C_Eng_utt2.wav,VF21C,VF21C,Eng,Eng,utt_e1,utt_e2,e1_e2,same,eng,0.6970901340246201,0.6956630945205688,0.8119019567966461,0.8175356984138489,0.8192595839500427,0.8173842132091522,0.7503111660480499,0.8182593286037445,0.803654283285141,0.8187122046947479,0.8071750402450562,0.8882105350494385,0.8782654404640198,0.891516923904419,0.893948882818222,0.8133301138877869,0.8224294185638428,0.8112760782241821
T201,VF21C_Eng_utt1.wav,VF21D_Eng_utt2.wav,VF21C,VF21D,Eng,Eng,utt_e1,utt_e2,e1_e2,diff,eng,0.629967525601387,0.5963071212172508,0.5707520917057991,0.5513707287609577,0.6040732115507126,0.596153974533081,0.6738995462656021,0.569775328040123,0.5711708962917328,0.5751421228051186,0.5625619068741798,0.5535958297550678,0.4912510681897402,0.5604680366814137,0.5510917864739895,0.5868644043803215,0.5644160881638527,0.5591456443071365
T202,VF21C_Eng_utt1.wav,VF23B_Eng_utt2.wav,VF21C,VF23B,Eng,Eng,utt_e1,utt_e2,e1_e2,diff,eng,0.6839638501405716,0.692519873380661,0.5405081920325756,0.5633298754692078,0.5532867014408112,0.5485717616975307,0.5809127390384674,0.5033474890515208,0.49838670541066676,0.5254880022257566,0.5369817540049553,0.5616056621074677,0.5520881526172161,0.5519734136760235,0.5346229709684849,0.540672242641449,0.5864911749958992,0.5394090674817562
T203,VF21C_Eng_utt1.wav,VF23C_Eng_utt2.wav,VF21C,VF23C,Eng,Eng,utt_e1,utt_e2,e1_e2,diff,eng,0.5995142385363579,0.5832038223743439,0.5260595921427011,0.5212041363120079,0.5354894697666168,0.5200485493987799,0.5897922143340111,0.5013720284914598,0.5087339831516147,0.5004900083877146,0.4871604898944497,0.5659862086176872,0.4864510018378496,0.5313737913966179,0.45725343003869057,0.47355768643319607,0.5202162843197584,0.48998960945755243
T204,VF21C_Eng_utt1.wav,VF26A_Eng_utt2.wav,VF21C,VF26A,Eng,Eng,utt_e1,utt_e2,e1_e2,diff,eng,0.6641805917024612,0.6629617363214493,0.5894300267100334,0.5922657996416092,0.607436791062355,0.6076248735189438,0.6507122665643692,0.5873166769742966,0.5781524777412415,0.6132979914546013,0.6082424446940422,0.6167016327381134,0.6011102497577667,0.5972253158688545,0.6198151335120201,0.5701203793287277,0.5480082780122757,0.5320019721984863
T205,VF21C_Eng_utt1.wav,VF32A_Eng_utt2.wav,VF21C,VF32A,Eng,Eng,utt_e1,utt_e2,e1_e2,diff,eng,0.6168743073940277,0.6278412491083145,0.6634501218795776,0.6560434401035309,0.6568149477243423,0.6367742866277695,0.6980384737253189,0.5719625279307365,0.5896312892436981,0.5821529924869537,0.5814044997096062,0.5755705013871193,0.5241103190928698,0.5596642158925533,0.5357337519526482,0.5397680401802063,0.5062706735916436,0.5536521784961224
T206,VF21D_Eng_utt1.wav,VF21D_Eng_utt2.wav,VF21D,VF21D,Eng,Eng,utt_e1,utt_e2,e1_e2,same,eng,0.8238881528377533,0.7960798442363739,0.7516463696956635,0.7445110082626343,0.7800950706005096,0.7643744349479675,0.8113715648651123,0.7407327145338058,0.7707754671573639,0.7914451062679291,0.7678806781768799,0.8500306606292725,0.7889057099819183,0.8495151698589325,0.7823297381401062,0.7732180953025818,0.8282149732112885,0.800577312707901
T207,VF21D_Eng_utt1.wav,VF23B_Eng_utt2.wav,VF21D,VF23B,Eng,Eng,utt_e1,utt_e2,e1_e2,diff,eng,0.6292829215526581,0.6014904901385307,0.5274323355406523,0.5230537354946136,0.6196042522788048,0.6029676720499992,0.5917523950338364,0.5432807356119156,0.5306940246373415,0.5094418935477734,0.4884776109829545,0.6109007745981216,0.5484349615871906,0.5826075002551079,0.5228534918278456,0.46156512573361397,0.5871121808886528,0.5840485915541649
T208,VF21D_Eng_utt1.wav,VF23C_Eng_utt2.wav,VF21D,VF23C,Eng,Eng,utt_e1,utt_e2,e1_e2,diff,eng,0.6192743703722954,0.5920889303088188,0.45691514015197754,0.45286761969327927,0.44095301628112793,0.42241332679986954,0.5542614124715328,0.5119818421080709,0.5141232069581747,0.49682977865450084,0.5053487149998546,0.5573228746652603,0.4542054310441017,0.5041115586645901,0.4446272812783718,0.5389157384634018,0.5705591291189194,0.5399704463779926
T209,VF21D_Eng_utt1.wav,VF26A_Eng_utt2.wav,VF21D,VF26A,Eng,Eng,utt_e1,utt_e2,e1_e2,diff,eng,0.6700876653194427,0.6609541028738022,0.6103271171450615,0.6025446131825447,0.6385417580604553,0.649485394358635,0.7267043888568878,0.6941957026720047,0.6975558549165726,0.6566074341535568,0.6613198518753052,0.6943780779838562,0.6322813928127289,0.657581090927124,0.6562145352363586,0.6220130249857903,0.5529244095087051,0.6222695931792259
T210,VF21D_Eng_utt1.wav,VF32A_Eng_utt2.wav,VF21D,VF32A,Eng,Eng,utt_e1,utt_e2,e1_e2,diff,eng,0.6378664970397949,0.6153536885976791,0.630925178527832,0.5881872028112411,0.6787626445293427,0.6458542048931122,0.7044694870710373,0.6872379034757614,0.6779642254114151,0.6490318179130554,0.6420331746339798,0.7296953052282333,0.6879440248012543,0.6920852661132812,0.6385539025068283,0.6114938408136368,0.6421549618244171,0.628213107585907
T211,VF23B_Eng_utt1.wav,VF23B_Eng_utt2.wav,VF23B,VF23B,Eng,Eng,utt_e1,utt_e2,e1_e2,same,eng,0.8571751713752747,0.8514263927936554,0.791778951883316,0.7773500978946686,0.7820822298526764,0.7759524285793304,0.7479769587516785,0.77054762840271,0.7580924928188324,0.7705178558826447,0.7614522874355316,0.8621289134025574,0.8506130874156952,0.8385767042636871,0.802509069442749,0.7718285024166107,0.811362624168396,0.7982993423938751
T212,VF23B_Eng_utt1.wav,VF23C_Eng_utt2.wav,VF23B,VF23C,Eng,Eng,utt_e1,utt_e2,e1_e2,diff,eng,0.7349132597446442,0.7195664793252945,0.6784700155258179,0.6505459100008011,0.649753987789154,0.6595890820026398,0.6860785484313965,0.6583122909069061,0.6666906476020813,0.6859360337257385,0.6752211153507233,0.6586400419473648,0.5924766808748245,0.6536922603845596,0.5591084733605385,0.6154734641313553,0.583777979016304,0.6229778006672859
T213,VF23B_Eng_utt1.wav,VF26A_Eng_utt2.wav,VF23B,VF26A,Eng,Eng,utt_e1,utt_e2,e1_e2,diff,eng,0.715690016746521,0.68414506316185,0.5197712648659945,0.5108832083642483,0.49513415107503533,0.48219917342066765,0.56268310546875,0.5183359645307064,0.5237302947789431,0.5118254274129868,0.515877278521657,0.5912049189209938,0.6048273518681526,0.56165536865592,0.49071473069489,0.5357675813138485,0.5447159744799137,0.4710979349911213
T214,VF23B_Eng_utt1.wav,VF32A_Eng_utt2.wav,VF23B,VF32A,Eng,Eng,utt_e1,utt_e2,e1_e2,diff,eng,0.6744795590639114,0.6615149229764938,0.6027747988700867,0.598937563598156,0.5605027377605438,0.5513499528169632,0.6129074096679688,0.5989097133278847,0.6065232306718826,0.5486457161605358,0.5339046940207481,0.6437895447015762,0.5955293700098991,0.6135432943701744,0.585745669901371,0.5346763432025909,0.551984928548336,0.5799892023205757
T215,VF23C_Eng_utt1.wav,VF23C_Eng_utt2.wav,VF23C,VF23C,Eng,Eng,utt_e1,utt_e2,e1_e2,same,eng,0.8449000418186188,0.8161230683326721,0.7479322403669357,0.7619569003582001,0.7623555660247803,0.7607942819595337,0.7133602052927017,0.8117094933986664,0.8034339249134064,0.8018290102481842,0.7789772748947144,0.8351680636405945,0.7720349431037903,0.854727029800415,0.8456070125102997,0.8007289171218872,0.8035683929920197,0.7976683080196381
T216,VF23C_Eng_utt1.wav,VF26A_Eng_utt2.wav,VF23C,VF26A,Eng,Eng,utt_e1,utt_e2,e1_e2,diff,eng,0.7246974557638168,0.7026185393333435,0.5363806188106537,0.518474705517292,0.5350391156971455,0.508107153698802,0.5365512706339359,0.5103805344551802,0.5257643181830645,0.5429472029209137,0.5315152630209923,0.6100443452596664,0.5815863832831383,0.5781804174184799,0.5532548576593399,0.49987934195814887,0.4687964543700218,0.46202633529901505
T217,VF23C_Eng_utt1.wav,VF32A_Eng_utt2.wav,VF23C,VF32A,Eng,Eng,utt_e1,utt_e2,e1_e2,diff,eng,0.7116107791662216,0.7133056968450546,0.6062240079045296,0.6056497693061829,0.5734718143939972,0.5455670356750488,0.5507275089621544,0.6083308607339859,0.6241578161716461,0.5643089413642883,0.5444669090211391,0.624450258910656,0.6007102951407433,0.5663753524422646,0.5229361020028591,0.5548258014023304,0.5685548335313797,0.5768636614084244
T218,VF26A_Eng_utt1.wav,VF26A_Eng_utt2.wav,VF26A,VF26A,Eng,Eng,utt_e1,utt_e2,e1_e2,same,eng,0.8358572721481323,0.8449210822582245,0.8096736967563629,0.7882821559906006,0.8426294922828674,0.836136668920517,0.8536203503608704,0.8834218382835388,0.8842719793319702,0.8760857880115509,0.8787084817886353,0.8933460414409637,0.8943818211555481,0.8934006989002228,0.8915306031703949,0.8780429661273956,0.817869246006012,0.792180210351944
T219,VF26A_Eng_utt1.wav,VF32A_Eng_utt2.wav,VF26A,VF32A,Eng,Eng,utt_e1,utt_e2,e1_e2,diff,eng,0.709763377904892,0.7175269573926926,0.6880098432302475,0.6888896375894547,0.6871816515922546,0.687499925494194,0.7353990972042084,0.6710156351327896,0.6287700831890106,0.7056574523448944,0.6977534294128418,0.7000048458576202,0.6817363053560257,0.7194452881813049,0.7198335081338882,0.6936989277601242,0.6461951285600662,0.6985335648059845
T220,VF32A_Eng_utt1.wav,VF32A_Eng_utt2.wav,VF32A,VF32A,Eng,Eng,utt_e1,utt_e2,e1_e2,same,eng,0.8514845371246338,0.8571702241897583,0.8204110264778137,0.7886323630809784,0.8041811585426331,0.7831180095672607,0.8294599950313568,0.8277807235717773,0.8238136470317841,0.8435690402984619,0.8259695768356323,0.9050576984882355,0.8950320184230804,0.9125041961669922,0.8855465054512024,0.8487633764743805,0.8383560180664062,0.8364093005657196
